PRODUCT_ID,LOCATION_ID,ONHAND
"11708848","fs1-chestnuthill","33"
"14797418","fs1-chestnuthill","144"
"19528657","fs1-chestnuthill","198"
"19532557","fs1-chestnuthill","153"
"19536431","fs1-chestnuthill","252"
"20120810","fs1-chestnuthill","140"
"21544641","fs1-chestnuthill","123"
"21735084","fs1-chestnuthill","158"
"21901451","fs1-chestnuthill","257"
"22123130","fs1-chestnuthill","255"
"22202670","fs1-chestnuthill","70"
"22202671","fs1-chestnuthill","199"
"22289948","fs1-chestnuthill","200"
"22289957","fs1-chestnuthill","258"
"22290048","fs1-chestnuthill","160"
"22325629","fs1-chestnuthill","280"
"22628031","fs1-chestnuthill","211"
"22628099","fs1-chestnuthill","213"
"23086297","fs1-chestnuthill","284"
"23101989","fs1-chestnuthill","118"
"23101990","fs1-chestnuthill","290"
"23102000","fs1-chestnuthill","121"
"23102003","fs1-chestnuthill","25"
"23188267","fs1-chestnuthill","209"
"23248787","fs1-chestnuthill","204"
"23293715","fs1-chestnuthill","55"
"23297625","fs1-chestnuthill","242"
"23297626","fs1-chestnuthill","259"
"23297632","fs1-chestnuthill","236"
"23297639","fs1-chestnuthill","211"
"23297804","fs1-chestnuthill","247"
"23396609","fs1-chestnuthill","184"
"24360492","fs1-chestnuthill","25"
"24375823","fs1-chestnuthill","76"
"24375831","fs1-chestnuthill","32"
"24411580","fs1-chestnuthill","282"
"24411679","fs1-chestnuthill","23"
"24481854","fs1-chestnuthill","254"
"24481857","fs1-chestnuthill","138"
"24481860","fs1-chestnuthill","270"
"24481861","fs1-chestnuthill","125"
"24481862","fs1-chestnuthill","25"
"24508110","fs1-chestnuthill","73"
"24508650","fs1-chestnuthill","26"
"24508659","fs1-chestnuthill","78"
"24619180","fs1-chestnuthill","122"
"24619182","fs1-chestnuthill","254"
"24780169","fs1-chestnuthill","215"
"24780195","fs1-chestnuthill","62"
"24780223","fs1-chestnuthill","243"
"25119483","fs1-chestnuthill","35"
"25156003","fs1-chestnuthill","23"
"25156008","fs1-chestnuthill","65"
"25395504","fs1-chestnuthill","168"
"25404896","fs1-chestnuthill","226"
"25588729","fs1-chestnuthill","172"
"25880386","fs1-chestnuthill","233"
"26028035","fs1-chestnuthill","37"
"26170505","fs1-chestnuthill","28"
"26171070","fs1-chestnuthill","125"
"26171071","fs1-chestnuthill","110"
"26215766","fs1-chestnuthill","125"
"26215773","fs1-chestnuthill","27"
"26215775","fs1-chestnuthill","173"
"26228069","fs1-chestnuthill","147"
"26232944","fs1-chestnuthill","194"
"26232948","fs1-chestnuthill","236"
"26232952","fs1-chestnuthill","120"
"26232954","fs1-chestnuthill","28"
"26242745","fs1-chestnuthill","229"
"26242746","fs1-chestnuthill","237"
"26304844","fs1-chestnuthill","179"
"26304845","fs1-chestnuthill","90"
"26406115","fs1-chestnuthill","84"
"26426393","fs1-chestnuthill","204"
"26509202","fs1-chestnuthill","106"
"26848534","fs1-chestnuthill","120"
"26891139","fs1-chestnuthill","170"
"26923243","fs1-chestnuthill","259"
"26933805","fs1-chestnuthill","275"
"26961261","fs1-chestnuthill","205"
"26972601","fs1-chestnuthill","155"
"26999117","fs1-chestnuthill","120"
"27081855","fs1-chestnuthill","241"
"27081867","fs1-chestnuthill","210"
"27214088","fs1-chestnuthill","144"
"27214090","fs1-chestnuthill","47"
"27214091","fs1-chestnuthill","30"
"27214096","fs1-chestnuthill","282"
"27214167","fs1-chestnuthill","217"
"27214171","fs1-chestnuthill","96"
"27214173","fs1-chestnuthill","66"
"27214266","fs1-chestnuthill","247"
"27261515","fs1-chestnuthill","35"
"27278179","fs1-chestnuthill","224"
"28572662","fs1-chestnuthill","199"
"29282647","fs1-chestnuthill","86"
"29282651","fs1-chestnuthill","296"
"29379586","fs1-chestnuthill","60"
"29387463","fs1-chestnuthill","288"
"29387466","fs1-chestnuthill","203"
"29387505","fs1-chestnuthill","6"
"29508551","fs1-chestnuthill","185"
"29537204","fs1-chestnuthill","234"
"29537208","fs1-chestnuthill","180"
"29689528","fs1-chestnuthill","219"
"29719858","fs1-chestnuthill","63"
"29731118","fs1-chestnuthill","183"
"29735778","fs1-chestnuthill","252"
"29735780","fs1-chestnuthill","109"
"30097060","fs1-chestnuthill","238"
"30296254","fs1-chestnuthill","44"
"30956484","fs1-chestnuthill","74"
"32507564","fs1-chestnuthill","244"
"32929034","fs1-chestnuthill","200"
"33137403","fs1-chestnuthill","258"
"33209982","fs1-chestnuthill","41"
"33286833","fs1-chestnuthill","246"
"33396041","fs1-chestnuthill","91"
"33419149","fs1-chestnuthill","48"
"33435073","fs1-chestnuthill","112"
"33463652","fs1-chestnuthill","83"
"33463692","fs1-chestnuthill","146"
"35657964","fs1-chestnuthill","31"
"35657989","fs1-chestnuthill","289"
"35709508","fs1-chestnuthill","285"
"35855472","fs1-chestnuthill","260"
"36600554","fs1-chestnuthill","4"
"36600555","fs1-chestnuthill","119"
"37067048","fs1-chestnuthill","17"
"37087929","fs1-chestnuthill","247"
"37088731","fs1-chestnuthill","104"
"37286771","fs1-chestnuthill","240"
"37420376","fs1-chestnuthill","278"
"37420389","fs1-chestnuthill","300"
"37641987","fs1-chestnuthill","244"
"37642001","fs1-chestnuthill","181"
"37882965","fs1-chestnuthill","125"
"5761327","fs1-chestnuthill","150"
"58822101","fs1-chestnuthill","95"
"59123359","fs1-chestnuthill","210"
"59947220","fs1-chestnuthill","136"
"656359","fs1-chestnuthill","131"
"68672747","fs1-chestnuthill","137"
"71213102","fs1-chestnuthill","88"
"79457491","fs1-chestnuthill","88"
"79457495","fs1-chestnuthill","115"
"79457500","fs1-chestnuthill","271"
"79566738","fs1-chestnuthill","182"
"10756111","fs1-chestnuthill","258"
"10756112","fs1-chestnuthill","285"
"11044358","fs1-chestnuthill","16"
"11044359","fs1-chestnuthill","238"
"11044360","fs1-chestnuthill","109"
"11044361","fs1-chestnuthill","261"
"11044363","fs1-chestnuthill","192"
"11227289","fs1-chestnuthill","129"
"11270934","fs1-chestnuthill","123"
"11856354","fs1-chestnuthill","180"
"11998395","fs1-chestnuthill","37"
"11998396","fs1-chestnuthill","231"
"11998424","fs1-chestnuthill","300"
"11998534","fs1-chestnuthill","8"
"12396542","fs1-chestnuthill","0"
"12397657","fs1-chestnuthill","288"
"12468503","fs1-chestnuthill","68"
"12849185","fs1-chestnuthill","300"
"12849186","fs1-chestnuthill","23"
"12849187","fs1-chestnuthill","21"
"12849188","fs1-chestnuthill","30"
"13535150","fs1-chestnuthill","174"
"13535151","fs1-chestnuthill","137"
"13570244","fs1-chestnuthill","93"
"13570270","fs1-chestnuthill","198"
"13705079","fs1-chestnuthill","62"
"13841863","fs1-chestnuthill","55"
"13841889","fs1-chestnuthill","299"
"13841909","fs1-chestnuthill","221"
"13841939","fs1-chestnuthill","289"
"13842025","fs1-chestnuthill","79"
"13842051","fs1-chestnuthill","26"
"14226942","fs1-chestnuthill","76"
"14707553","fs1-chestnuthill","86"
"14710641","fs1-chestnuthill","283"
"14710642","fs1-chestnuthill","123"
"14870450","fs1-chestnuthill","33"
"15974268","fs1-chestnuthill","203"
"16029703","fs1-chestnuthill","181"
"16719959","fs1-chestnuthill","206"
"17378497","fs1-chestnuthill","121"
"17378531","fs1-chestnuthill","255"
"17496610","fs1-chestnuthill","187"
"17496683","fs1-chestnuthill","158"
"17496685","fs1-chestnuthill","180"
"17496711","fs1-chestnuthill","297"
"17496718","fs1-chestnuthill","188"
"17496729","fs1-chestnuthill","266"
"17546843","fs1-chestnuthill","166"
"17546854","fs1-chestnuthill","46"
"17558275","fs1-chestnuthill","177"
"17727051","fs1-chestnuthill","232"
"17727208","fs1-chestnuthill","119"
"17727332","fs1-chestnuthill","24"
"17727339","fs1-chestnuthill","94"
"17727444","fs1-chestnuthill","271"
"17727558","fs1-chestnuthill","39"
"17831494","fs1-chestnuthill","8"
"18642731","fs1-chestnuthill","0"
"18657018","fs1-chestnuthill","129"
"19203953","fs1-chestnuthill","154"
"19323878","fs1-chestnuthill","47"
"19358907","fs1-chestnuthill","0"
"19535626","fs1-chestnuthill","110"
"19881101","fs1-chestnuthill","268"
"20145999","fs1-chestnuthill","23"
"20926081","fs1-chestnuthill","272"
"20949299","fs1-chestnuthill","66"
"20949311","fs1-chestnuthill","211"
"20949394","fs1-chestnuthill","204"
"20949417","fs1-chestnuthill","248"
"21842477","fs1-chestnuthill","3"
"22123153","fs1-chestnuthill","147"
"24217174","fs1-chestnuthill","288"
"24217175","fs1-chestnuthill","256"
"24585119","fs1-chestnuthill","36"
"26065483","fs1-chestnuthill","169"
"26065484","fs1-chestnuthill","228"
"26137579","fs1-chestnuthill","9"
"26137580","fs1-chestnuthill","287"
"26436402","fs1-chestnuthill","161"
"26508170","fs1-chestnuthill","278"
"26508185","fs1-chestnuthill","124"
"26508186","fs1-chestnuthill","201"
"26508191","fs1-chestnuthill","190"
"26999123","fs1-chestnuthill","136"
"27183079","fs1-chestnuthill","122"
"27238367","fs1-chestnuthill","226"
"28479755","fs1-chestnuthill","38"
"29375295","fs1-chestnuthill","62"
"29375297","fs1-chestnuthill","177"
"29375301","fs1-chestnuthill","65"
"29375303","fs1-chestnuthill","277"
"29375305","fs1-chestnuthill","154"
"29375306","fs1-chestnuthill","113"
"29375307","fs1-chestnuthill","246"
"29524949","fs1-chestnuthill","186"
"29524951","fs1-chestnuthill","152"
"29541265","fs1-chestnuthill","120"
"30014674","fs1-chestnuthill","139"
"30381609","fs1-chestnuthill","76"
"30521353","fs1-chestnuthill","26"
"30521354","fs1-chestnuthill","64"
"30521355","fs1-chestnuthill","109"
"30521356","fs1-chestnuthill","118"
"30521362","fs1-chestnuthill","95"
"30590987","fs1-chestnuthill","7"
"30650881","fs1-chestnuthill","131"
"30696829","fs1-chestnuthill","14"
"30696830","fs1-chestnuthill","80"
"30696834","fs1-chestnuthill","116"
"30904870","fs1-chestnuthill","27"
"31029798","fs1-chestnuthill","166"
"31039948","fs1-chestnuthill","278"
"31040010","fs1-chestnuthill","296"
"31173903","fs1-chestnuthill","47"
"31173905","fs1-chestnuthill","211"
"31542257","fs1-chestnuthill","60"
"31613033","fs1-chestnuthill","257"
"32126652","fs1-chestnuthill","178"
"32126667","fs1-chestnuthill","260"
"32126670","fs1-chestnuthill","130"
"32126671","fs1-chestnuthill","2"
"32126680","fs1-chestnuthill","72"
"32126688","fs1-chestnuthill","92"
"32126694","fs1-chestnuthill","33"
"32126695","fs1-chestnuthill","173"
"32126696","fs1-chestnuthill","33"
"32276105","fs1-chestnuthill","173"
"32294896","fs1-chestnuthill","249"
"32294900","fs1-chestnuthill","295"
"32294902","fs1-chestnuthill","232"
"32294908","fs1-chestnuthill","53"
"32294913","fs1-chestnuthill","94"
"32294918","fs1-chestnuthill","33"
"32353794","fs1-chestnuthill","247"
"32353795","fs1-chestnuthill","216"
"32353796","fs1-chestnuthill","282"
"32774980","fs1-chestnuthill","54"
"32787223","fs1-chestnuthill","252"
"32871548","fs1-chestnuthill","259"
"32878756","fs1-chestnuthill","234"
"32928933","fs1-chestnuthill","288"
"32928940","fs1-chestnuthill","234"
"32928941","fs1-chestnuthill","159"
"32928942","fs1-chestnuthill","172"
"32928946","fs1-chestnuthill","19"
"32928950","fs1-chestnuthill","38"
"32928951","fs1-chestnuthill","57"
"32928956","fs1-chestnuthill","101"
"32928957","fs1-chestnuthill","116"
"32928965","fs1-chestnuthill","139"
"32928969","fs1-chestnuthill","20"
"32928970","fs1-chestnuthill","201"
"32928972","fs1-chestnuthill","168"
"32928973","fs1-chestnuthill","281"
"32928975","fs1-chestnuthill","283"
"32928979","fs1-chestnuthill","88"
"32928986","fs1-chestnuthill","134"
"32928991","fs1-chestnuthill","44"
"32928992","fs1-chestnuthill","172"
"32929001","fs1-chestnuthill","287"
"33066943","fs1-chestnuthill","181"
"33066949","fs1-chestnuthill","240"
"33066952","fs1-chestnuthill","128"
"33124544","fs1-chestnuthill","113"
"33124545","fs1-chestnuthill","262"
"33124546","fs1-chestnuthill","300"
"33124547","fs1-chestnuthill","231"
"33241333","fs1-chestnuthill","296"
"33241334","fs1-chestnuthill","110"
"33241335","fs1-chestnuthill","231"
"33241340","fs1-chestnuthill","269"
"33241344","fs1-chestnuthill","232"
"33241360","fs1-chestnuthill","276"
"33241363","fs1-chestnuthill","190"
"33241383","fs1-chestnuthill","56"
"33265101","fs1-chestnuthill","224"
"33665023","fs1-chestnuthill","2"
"33665030","fs1-chestnuthill","276"
"34603311","fs1-chestnuthill","128"
"35524381","fs1-chestnuthill","276"
"36183711","fs1-chestnuthill","99"
"36346337","fs1-chestnuthill","264"
"36346338","fs1-chestnuthill","56"
"36346339","fs1-chestnuthill","159"
"36346340","fs1-chestnuthill","178"
"36346341","fs1-chestnuthill","216"
"36346342","fs1-chestnuthill","150"
"36346343","fs1-chestnuthill","73"
"36346345","fs1-chestnuthill","242"
"36346352","fs1-chestnuthill","132"
"36346353","fs1-chestnuthill","262"
"36382428","fs1-chestnuthill","105"
"36382432","fs1-chestnuthill","2"
"36564140","fs1-chestnuthill","231"
"36773443","fs1-chestnuthill","202"
"36773445","fs1-chestnuthill","234"
"37071310","fs1-chestnuthill","252"
"37071311","fs1-chestnuthill","200"
"37280442","fs1-chestnuthill","74"
"37280443","fs1-chestnuthill","279"
"37280445","fs1-chestnuthill","292"
"37280446","fs1-chestnuthill","195"
"37280447","fs1-chestnuthill","218"
"37642003","fs1-chestnuthill","74"
"37642039","fs1-chestnuthill","40"
"37642050","fs1-chestnuthill","295"
"37882738","fs1-chestnuthill","124"
"37882740","fs1-chestnuthill","92"
"37882756","fs1-chestnuthill","117"
"37882768","fs1-chestnuthill","179"
"37883151","fs1-chestnuthill","204"
"38045105","fs1-chestnuthill","195"
"38101701","fs1-chestnuthill","2"
"38101719","fs1-chestnuthill","205"
"38101893","fs1-chestnuthill","124"
"38225004","fs1-chestnuthill","26"
"38225010","fs1-chestnuthill","145"
"38225011","fs1-chestnuthill","161"
"38225012","fs1-chestnuthill","60"
"38225013","fs1-chestnuthill","236"
"38225014","fs1-chestnuthill","64"
"38225017","fs1-chestnuthill","149"
"38225020","fs1-chestnuthill","225"
"38225023","fs1-chestnuthill","38"
"38225024","fs1-chestnuthill","259"
"38225026","fs1-chestnuthill","118"
"38225031","fs1-chestnuthill","277"
"38225033","fs1-chestnuthill","291"
"38225034","fs1-chestnuthill","256"
"39191870","fs1-chestnuthill","202"
"40203410","fs1-chestnuthill","167"
"41153648","fs1-chestnuthill","111"
"43102435","fs1-chestnuthill","128"
"43562729","fs1-chestnuthill","147"
"43562730","fs1-chestnuthill","226"
"43562732","fs1-chestnuthill","209"
"43562735","fs1-chestnuthill","217"
"43562745","fs1-chestnuthill","137"
"43562746","fs1-chestnuthill","23"
"49095640","fs1-chestnuthill","280"
"55502702","fs1-chestnuthill","127"
"55502703","fs1-chestnuthill","145"
"55904532","fs1-chestnuthill","94"
"56194724","fs1-chestnuthill","13"
"56194725","fs1-chestnuthill","250"
"56658977","fs1-chestnuthill","226"
"57858767","fs1-chestnuthill","102"
"5880582","fs1-chestnuthill","115"
"5890209","fs1-chestnuthill","137"
"5890211","fs1-chestnuthill","121"
"5890212","fs1-chestnuthill","162"
"5890214","fs1-chestnuthill","49"
"5890217","fs1-chestnuthill","141"
"5890238","fs1-chestnuthill","255"
"5890239","fs1-chestnuthill","72"
"5890240","fs1-chestnuthill","146"
"5890242","fs1-chestnuthill","134"
"5890243","fs1-chestnuthill","168"
"5890244","fs1-chestnuthill","60"
"5890245","fs1-chestnuthill","210"
"5890246","fs1-chestnuthill","77"
"5890247","fs1-chestnuthill","194"
"5890249","fs1-chestnuthill","139"
"5890250","fs1-chestnuthill","87"
"5890252","fs1-chestnuthill","31"
"5890253","fs1-chestnuthill","165"
"5937584","fs1-chestnuthill","34"
"5966504","fs1-chestnuthill","74"
"5966505","fs1-chestnuthill","44"
"60172369","fs1-chestnuthill","130"
"60172370","fs1-chestnuthill","194"
"65239564","fs1-chestnuthill","88"
"6733518","fs1-chestnuthill","282"
"6733519","fs1-chestnuthill","38"
"69675103","fs1-chestnuthill","79"
"74950534","fs1-chestnuthill","33"
"77198509","fs1-chestnuthill","15"
"77198516","fs1-chestnuthill","285"
"78322467","fs1-chestnuthill","53"
"7892667","fs1-chestnuthill","271"
"7892847","fs1-chestnuthill","132"
"7892850","fs1-chestnuthill","300"
"7892851","fs1-chestnuthill","85"
"7892852","fs1-chestnuthill","40"
"79167399","fs1-chestnuthill","285"
"7931172","fs1-chestnuthill","152"
"79944678","fs1-chestnuthill","133"
"79945682","fs1-chestnuthill","136"
"80017595","fs1-chestnuthill","96"
"80017655","fs1-chestnuthill","48"
"80017702","fs1-chestnuthill","31"
"80018165","fs1-chestnuthill","276"
"8011925","fs1-chestnuthill","161"
"80491955","fs1-chestnuthill","274"
"9010636","fs1-chestnuthill","201"
"9013599","fs1-chestnuthill","72"
"9588199","fs1-chestnuthill","107"
"9611164","fs1-chestnuthill","3"
"11708848","st1-nantucket","280"
"14797418","st1-nantucket","286"
"19528657","st1-nantucket","56"
"19532557","st1-nantucket","168"
"19536431","st1-nantucket","12"
"20120810","st1-nantucket","245"
"21544641","st1-nantucket","264"
"21735084","st1-nantucket","71"
"21901451","st1-nantucket","55"
"22123130","st1-nantucket","123"
"22202670","st1-nantucket","172"
"22202671","st1-nantucket","236"
"22289948","st1-nantucket","230"
"22289957","st1-nantucket","6"
"22290048","st1-nantucket","187"
"22325629","st1-nantucket","241"
"22628031","st1-nantucket","166"
"22628099","st1-nantucket","211"
"23086297","st1-nantucket","43"
"23101989","st1-nantucket","75"
"23101990","st1-nantucket","76"
"23102000","st1-nantucket","29"
"23102003","st1-nantucket","170"
"23188267","st1-nantucket","269"
"23248787","st1-nantucket","231"
"23293715","st1-nantucket","72"
"23297625","st1-nantucket","217"
"23297626","st1-nantucket","95"
"23297632","st1-nantucket","235"
"23297639","st1-nantucket","144"
"23297804","st1-nantucket","49"
"23396609","st1-nantucket","180"
"24360492","st1-nantucket","130"
"24375823","st1-nantucket","253"
"24375831","st1-nantucket","30"
"24411580","st1-nantucket","106"
"24411679","st1-nantucket","230"
"24481854","st1-nantucket","266"
"24481857","st1-nantucket","252"
"24481860","st1-nantucket","241"
"24481861","st1-nantucket","228"
"24481862","st1-nantucket","23"
"24508110","st1-nantucket","221"
"24508650","st1-nantucket","70"
"24508659","st1-nantucket","178"
"24619180","st1-nantucket","275"
"24619182","st1-nantucket","177"
"24780169","st1-nantucket","154"
"24780195","st1-nantucket","190"
"24780223","st1-nantucket","231"
"25119483","st1-nantucket","261"
"25156003","st1-nantucket","116"
"25156008","st1-nantucket","265"
"25395504","st1-nantucket","51"
"25404896","st1-nantucket","102"
"25588729","st1-nantucket","295"
"25880386","st1-nantucket","240"
"26028035","st1-nantucket","205"
"26170505","st1-nantucket","47"
"26171070","st1-nantucket","57"
"26171071","st1-nantucket","257"
"26215766","st1-nantucket","215"
"26215773","st1-nantucket","154"
"26215775","st1-nantucket","132"
"26228069","st1-nantucket","13"
"26232944","st1-nantucket","287"
"26232948","st1-nantucket","79"
"26232952","st1-nantucket","204"
"26232954","st1-nantucket","293"
"26242745","st1-nantucket","269"
"26242746","st1-nantucket","82"
"26304844","st1-nantucket","82"
"26304845","st1-nantucket","96"
"26406115","st1-nantucket","292"
"26426393","st1-nantucket","297"
"26509202","st1-nantucket","111"
"26848534","st1-nantucket","51"
"26891139","st1-nantucket","87"
"26923243","st1-nantucket","93"
"26933805","st1-nantucket","255"
"26961261","st1-nantucket","36"
"26972601","st1-nantucket","219"
"26999117","st1-nantucket","237"
"27081855","st1-nantucket","237"
"27081867","st1-nantucket","141"
"27214088","st1-nantucket","233"
"27214090","st1-nantucket","195"
"27214091","st1-nantucket","47"
"27214096","st1-nantucket","271"
"27214167","st1-nantucket","245"
"27214171","st1-nantucket","43"
"27214173","st1-nantucket","54"
"27214266","st1-nantucket","251"
"27261515","st1-nantucket","205"
"27278179","st1-nantucket","142"
"28572662","st1-nantucket","152"
"29282647","st1-nantucket","170"
"29282651","st1-nantucket","168"
"29379586","st1-nantucket","110"
"29387463","st1-nantucket","58"
"29387466","st1-nantucket","153"
"29387505","st1-nantucket","149"
"29508551","st1-nantucket","177"
"29537204","st1-nantucket","259"
"29537208","st1-nantucket","5"
"29689528","st1-nantucket","37"
"29719858","st1-nantucket","99"
"29731118","st1-nantucket","188"
"29735778","st1-nantucket","158"
"29735780","st1-nantucket","37"
"30097060","st1-nantucket","4"
"30296254","st1-nantucket","56"
"30956484","st1-nantucket","24"
"32507564","st1-nantucket","111"
"32929034","st1-nantucket","75"
"33137403","st1-nantucket","10"
"33209982","st1-nantucket","67"
"33286833","st1-nantucket","37"
"33396041","st1-nantucket","92"
"33419149","st1-nantucket","206"
"33435073","st1-nantucket","199"
"33463652","st1-nantucket","79"
"33463692","st1-nantucket","135"
"35657964","st1-nantucket","189"
"35657989","st1-nantucket","219"
"35709508","st1-nantucket","65"
"35855472","st1-nantucket","30"
"36600554","st1-nantucket","108"
"36600555","st1-nantucket","156"
"37067048","st1-nantucket","147"
"37087929","st1-nantucket","205"
"37088731","st1-nantucket","117"
"37286771","st1-nantucket","201"
"37420376","st1-nantucket","212"
"37420389","st1-nantucket","112"
"37641987","st1-nantucket","87"
"37642001","st1-nantucket","104"
"37882965","st1-nantucket","232"
"5761327","st1-nantucket","106"
"58822101","st1-nantucket","250"
"59123359","st1-nantucket","83"
"59947220","st1-nantucket","230"
"656359","st1-nantucket","227"
"68672747","st1-nantucket","284"
"71213102","st1-nantucket","14"
"79457491","st1-nantucket","14"
"79457495","st1-nantucket","253"
"79457500","st1-nantucket","206"
"79566738","st1-nantucket","112"
"10756111","st1-nantucket","78"
"10756112","st1-nantucket","205"
"11044358","st1-nantucket","263"
"11044359","st1-nantucket","103"
"11044360","st1-nantucket","208"
"11044361","st1-nantucket","220"
"11044363","st1-nantucket","184"
"11227289","st1-nantucket","270"
"11270934","st1-nantucket","257"
"11856354","st1-nantucket","12"
"11998395","st1-nantucket","102"
"11998396","st1-nantucket","167"
"11998424","st1-nantucket","188"
"11998534","st1-nantucket","145"
"12396542","st1-nantucket","200"
"12397657","st1-nantucket","271"
"12468503","st1-nantucket","10"
"12849185","st1-nantucket","76"
"12849186","st1-nantucket","81"
"12849187","st1-nantucket","131"
"12849188","st1-nantucket","3"
"13535150","st1-nantucket","126"
"13535151","st1-nantucket","172"
"13570244","st1-nantucket","154"
"13570270","st1-nantucket","118"
"13705079","st1-nantucket","203"
"13841863","st1-nantucket","84"
"13841889","st1-nantucket","151"
"13841909","st1-nantucket","130"
"13841939","st1-nantucket","149"
"13842025","st1-nantucket","113"
"13842051","st1-nantucket","229"
"14226942","st1-nantucket","270"
"14707553","st1-nantucket","138"
"14710641","st1-nantucket","123"
"14710642","st1-nantucket","8"
"14870450","st1-nantucket","254"
"15974268","st1-nantucket","21"
"16029703","st1-nantucket","27"
"16719959","st1-nantucket","273"
"17378497","st1-nantucket","36"
"17378531","st1-nantucket","57"
"17496610","st1-nantucket","147"
"17496683","st1-nantucket","83"
"17496685","st1-nantucket","128"
"17496711","st1-nantucket","74"
"17496718","st1-nantucket","141"
"17496729","st1-nantucket","122"
"17546843","st1-nantucket","159"
"17546854","st1-nantucket","61"
"17558275","st1-nantucket","253"
"17727051","st1-nantucket","126"
"17727208","st1-nantucket","156"
"17727332","st1-nantucket","153"
"17727339","st1-nantucket","27"
"17727444","st1-nantucket","185"
"17727558","st1-nantucket","19"
"17831494","st1-nantucket","40"
"18642731","st1-nantucket","118"
"18657018","st1-nantucket","181"
"19203953","st1-nantucket","56"
"19323878","st1-nantucket","126"
"19358907","st1-nantucket","39"
"19535626","st1-nantucket","129"
"19881101","st1-nantucket","28"
"20145999","st1-nantucket","3"
"20926081","st1-nantucket","90"
"20949299","st1-nantucket","84"
"20949311","st1-nantucket","66"
"20949394","st1-nantucket","265"
"20949417","st1-nantucket","21"
"21842477","st1-nantucket","216"
"22123153","st1-nantucket","171"
"24217174","st1-nantucket","238"
"24217175","st1-nantucket","136"
"24585119","st1-nantucket","74"
"26065483","st1-nantucket","190"
"26065484","st1-nantucket","216"
"26137579","st1-nantucket","187"
"26137580","st1-nantucket","231"
"26436402","st1-nantucket","81"
"26508170","st1-nantucket","78"
"26508185","st1-nantucket","35"
"26508186","st1-nantucket","218"
"26508191","st1-nantucket","285"
"26999123","st1-nantucket","113"
"27183079","st1-nantucket","87"
"27238367","st1-nantucket","26"
"28479755","st1-nantucket","271"
"29375295","st1-nantucket","46"
"29375297","st1-nantucket","26"
"29375301","st1-nantucket","71"
"29375303","st1-nantucket","73"
"29375305","st1-nantucket","213"
"29375306","st1-nantucket","286"
"29375307","st1-nantucket","221"
"29524949","st1-nantucket","209"
"29524951","st1-nantucket","29"
"29541265","st1-nantucket","34"
"30014674","st1-nantucket","185"
"30381609","st1-nantucket","15"
"30521353","st1-nantucket","133"
"30521354","st1-nantucket","110"
"30521355","st1-nantucket","144"
"30521356","st1-nantucket","247"
"30521362","st1-nantucket","57"
"30590987","st1-nantucket","132"
"30650881","st1-nantucket","271"
"30696829","st1-nantucket","163"
"30696830","st1-nantucket","16"
"30696834","st1-nantucket","141"
"30904870","st1-nantucket","46"
"31029798","st1-nantucket","127"
"31039948","st1-nantucket","118"
"31040010","st1-nantucket","19"
"31173903","st1-nantucket","288"
"31173905","st1-nantucket","77"
"31542257","st1-nantucket","69"
"31613033","st1-nantucket","96"
"32126652","st1-nantucket","180"
"32126667","st1-nantucket","231"
"32126670","st1-nantucket","224"
"32126671","st1-nantucket","63"
"32126680","st1-nantucket","40"
"32126688","st1-nantucket","162"
"32126694","st1-nantucket","147"
"32126695","st1-nantucket","67"
"32126696","st1-nantucket","245"
"32276105","st1-nantucket","130"
"32294896","st1-nantucket","14"
"32294900","st1-nantucket","292"
"32294902","st1-nantucket","212"
"32294908","st1-nantucket","108"
"32294913","st1-nantucket","173"
"32294918","st1-nantucket","169"
"32353794","st1-nantucket","115"
"32353795","st1-nantucket","170"
"32353796","st1-nantucket","70"
"32774980","st1-nantucket","284"
"32787223","st1-nantucket","118"
"32871548","st1-nantucket","212"
"32878756","st1-nantucket","261"
"32928933","st1-nantucket","260"
"32928940","st1-nantucket","119"
"32928941","st1-nantucket","299"
"32928942","st1-nantucket","200"
"32928946","st1-nantucket","44"
"32928950","st1-nantucket","115"
"32928951","st1-nantucket","234"
"32928956","st1-nantucket","17"
"32928957","st1-nantucket","114"
"32928965","st1-nantucket","257"
"32928969","st1-nantucket","270"
"32928970","st1-nantucket","90"
"32928972","st1-nantucket","116"
"32928973","st1-nantucket","116"
"32928975","st1-nantucket","87"
"32928979","st1-nantucket","104"
"32928986","st1-nantucket","265"
"32928991","st1-nantucket","120"
"32928992","st1-nantucket","33"
"32929001","st1-nantucket","87"
"33066943","st1-nantucket","117"
"33066949","st1-nantucket","86"
"33066952","st1-nantucket","143"
"33124544","st1-nantucket","235"
"33124545","st1-nantucket","263"
"33124546","st1-nantucket","279"
"33124547","st1-nantucket","73"
"33241333","st1-nantucket","44"
"33241334","st1-nantucket","153"
"33241335","st1-nantucket","136"
"33241340","st1-nantucket","255"
"33241344","st1-nantucket","83"
"33241360","st1-nantucket","168"
"33241363","st1-nantucket","279"
"33241383","st1-nantucket","131"
"33265101","st1-nantucket","202"
"33665023","st1-nantucket","128"
"33665030","st1-nantucket","120"
"34603311","st1-nantucket","17"
"35524381","st1-nantucket","94"
"36183711","st1-nantucket","258"
"36346337","st1-nantucket","122"
"36346338","st1-nantucket","211"
"36346339","st1-nantucket","262"
"36346340","st1-nantucket","38"
"36346341","st1-nantucket","19"
"36346342","st1-nantucket","27"
"36346343","st1-nantucket","226"
"36346345","st1-nantucket","39"
"36346352","st1-nantucket","217"
"36346353","st1-nantucket","300"
"36382428","st1-nantucket","133"
"36382432","st1-nantucket","147"
"36564140","st1-nantucket","43"
"36773443","st1-nantucket","121"
"36773445","st1-nantucket","4"
"37071310","st1-nantucket","120"
"37071311","st1-nantucket","1"
"37280442","st1-nantucket","69"
"37280443","st1-nantucket","175"
"37280445","st1-nantucket","115"
"37280446","st1-nantucket","115"
"37280447","st1-nantucket","49"
"37642003","st1-nantucket","47"
"37642039","st1-nantucket","109"
"37642050","st1-nantucket","299"
"37882738","st1-nantucket","6"
"37882740","st1-nantucket","225"
"37882756","st1-nantucket","204"
"37882768","st1-nantucket","275"
"37883151","st1-nantucket","199"
"38045105","st1-nantucket","291"
"38101701","st1-nantucket","50"
"38101719","st1-nantucket","77"
"38101893","st1-nantucket","239"
"38225004","st1-nantucket","248"
"38225010","st1-nantucket","188"
"38225011","st1-nantucket","6"
"38225012","st1-nantucket","300"
"38225013","st1-nantucket","255"
"38225014","st1-nantucket","13"
"38225017","st1-nantucket","205"
"38225020","st1-nantucket","117"
"38225023","st1-nantucket","96"
"38225024","st1-nantucket","131"
"38225026","st1-nantucket","134"
"38225031","st1-nantucket","263"
"38225033","st1-nantucket","131"
"38225034","st1-nantucket","205"
"39191870","st1-nantucket","57"
"40203410","st1-nantucket","142"
"41153648","st1-nantucket","35"
"43102435","st1-nantucket","72"
"43562729","st1-nantucket","183"
"43562730","st1-nantucket","72"
"43562732","st1-nantucket","30"
"43562735","st1-nantucket","287"
"43562745","st1-nantucket","270"
"43562746","st1-nantucket","1"
"49095640","st1-nantucket","240"
"55502702","st1-nantucket","31"
"55502703","st1-nantucket","140"
"55904532","st1-nantucket","229"
"56194724","st1-nantucket","78"
"56194725","st1-nantucket","149"
"56658977","st1-nantucket","106"
"57858767","st1-nantucket","181"
"5880582","st1-nantucket","196"
"5890209","st1-nantucket","17"
"5890211","st1-nantucket","16"
"5890212","st1-nantucket","281"
"5890214","st1-nantucket","92"
"5890217","st1-nantucket","105"
"5890238","st1-nantucket","135"
"5890239","st1-nantucket","216"
"5890240","st1-nantucket","124"
"5890242","st1-nantucket","202"
"5890243","st1-nantucket","165"
"5890244","st1-nantucket","297"
"5890245","st1-nantucket","62"
"5890246","st1-nantucket","162"
"5890247","st1-nantucket","75"
"5890249","st1-nantucket","272"
"5890250","st1-nantucket","125"
"5890252","st1-nantucket","223"
"5890253","st1-nantucket","247"
"5937584","st1-nantucket","66"
"5966504","st1-nantucket","53"
"5966505","st1-nantucket","237"
"60172369","st1-nantucket","4"
"60172370","st1-nantucket","252"
"65239564","st1-nantucket","36"
"6733518","st1-nantucket","57"
"6733519","st1-nantucket","56"
"69675103","st1-nantucket","152"
"74950534","st1-nantucket","209"
"77198509","st1-nantucket","130"
"77198516","st1-nantucket","125"
"78322467","st1-nantucket","89"
"7892667","st1-nantucket","94"
"7892847","st1-nantucket","78"
"7892850","st1-nantucket","80"
"7892851","st1-nantucket","23"
"7892852","st1-nantucket","189"
"79167399","st1-nantucket","256"
"7931172","st1-nantucket","122"
"79944678","st1-nantucket","1"
"79945682","st1-nantucket","291"
"80017595","st1-nantucket","142"
"80017655","st1-nantucket","26"
"80017702","st1-nantucket","253"
"80018165","st1-nantucket","93"
"8011925","st1-nantucket","197"
"80491955","st1-nantucket","158"
"9010636","st1-nantucket","72"
"9013599","st1-nantucket","299"
"9588199","st1-nantucket","166"
"9611164","st1-nantucket","225"
"11708848","wh1-atlanta","119"
"14797418","wh1-atlanta","241"
"19528657","wh1-atlanta","173"
"19532557","wh1-atlanta","125"
"19536431","wh1-atlanta","63"
"20120810","wh1-atlanta","173"
"21544641","wh1-atlanta","85"
"21735084","wh1-atlanta","272"
"21901451","wh1-atlanta","94"
"22123130","wh1-atlanta","271"
"22202670","wh1-atlanta","173"
"22202671","wh1-atlanta","24"
"22289948","wh1-atlanta","200"
"22289957","wh1-atlanta","111"
"22290048","wh1-atlanta","108"
"22325629","wh1-atlanta","62"
"22628031","wh1-atlanta","99"
"22628099","wh1-atlanta","271"
"23086297","wh1-atlanta","233"
"23101989","wh1-atlanta","297"
"23101990","wh1-atlanta","76"
"23102000","wh1-atlanta","205"
"23102003","wh1-atlanta","104"
"23188267","wh1-atlanta","266"
"23248787","wh1-atlanta","91"
"23293715","wh1-atlanta","218"
"23297625","wh1-atlanta","27"
"23297626","wh1-atlanta","278"
"23297632","wh1-atlanta","163"
"23297639","wh1-atlanta","157"
"23297804","wh1-atlanta","8"
"23396609","wh1-atlanta","191"
"24360492","wh1-atlanta","272"
"24375823","wh1-atlanta","116"
"24375831","wh1-atlanta","90"
"24411580","wh1-atlanta","2"
"24411679","wh1-atlanta","56"
"24481854","wh1-atlanta","292"
"24481857","wh1-atlanta","9"
"24481860","wh1-atlanta","170"
"24481861","wh1-atlanta","160"
"24481862","wh1-atlanta","52"
"24508110","wh1-atlanta","230"
"24508650","wh1-atlanta","137"
"24508659","wh1-atlanta","48"
"24619180","wh1-atlanta","1"
"24619182","wh1-atlanta","160"
"24780169","wh1-atlanta","196"
"24780195","wh1-atlanta","224"
"24780223","wh1-atlanta","220"
"25119483","wh1-atlanta","193"
"25156003","wh1-atlanta","16"
"25156008","wh1-atlanta","52"
"25395504","wh1-atlanta","32"
"25404896","wh1-atlanta","188"
"25588729","wh1-atlanta","103"
"25880386","wh1-atlanta","240"
"26028035","wh1-atlanta","136"
"26170505","wh1-atlanta","156"
"26171070","wh1-atlanta","60"
"26171071","wh1-atlanta","130"
"26215766","wh1-atlanta","283"
"26215773","wh1-atlanta","199"
"26215775","wh1-atlanta","18"
"26228069","wh1-atlanta","168"
"26232944","wh1-atlanta","187"
"26232948","wh1-atlanta","5"
"26232952","wh1-atlanta","179"
"26232954","wh1-atlanta","77"
"26242745","wh1-atlanta","45"
"26242746","wh1-atlanta","288"
"26304844","wh1-atlanta","103"
"26304845","wh1-atlanta","222"
"26406115","wh1-atlanta","244"
"26426393","wh1-atlanta","4"
"26509202","wh1-atlanta","86"
"26848534","wh1-atlanta","87"
"26891139","wh1-atlanta","207"
"26923243","wh1-atlanta","22"
"26933805","wh1-atlanta","108"
"26961261","wh1-atlanta","233"
"26972601","wh1-atlanta","45"
"26999117","wh1-atlanta","197"
"27081855","wh1-atlanta","20"
"27081867","wh1-atlanta","164"
"27214088","wh1-atlanta","254"
"27214090","wh1-atlanta","176"
"27214091","wh1-atlanta","153"
"27214096","wh1-atlanta","81"
"27214167","wh1-atlanta","46"
"27214171","wh1-atlanta","275"
"27214173","wh1-atlanta","4"
"27214266","wh1-atlanta","44"
"27261515","wh1-atlanta","17"
"27278179","wh1-atlanta","16"
"28572662","wh1-atlanta","294"
"29282647","wh1-atlanta","60"
"29282651","wh1-atlanta","289"
"29379586","wh1-atlanta","299"
"29387463","wh1-atlanta","143"
"29387466","wh1-atlanta","146"
"29387505","wh1-atlanta","207"
"29508551","wh1-atlanta","32"
"29537204","wh1-atlanta","22"
"29537208","wh1-atlanta","273"
"29689528","wh1-atlanta","268"
"29719858","wh1-atlanta","121"
"29731118","wh1-atlanta","210"
"29735778","wh1-atlanta","159"
"29735780","wh1-atlanta","117"
"30097060","wh1-atlanta","146"
"30296254","wh1-atlanta","215"
"30956484","wh1-atlanta","63"
"32507564","wh1-atlanta","157"
"32929034","wh1-atlanta","16"
"33137403","wh1-atlanta","87"
"33209982","wh1-atlanta","112"
"33286833","wh1-atlanta","83"
"33396041","wh1-atlanta","245"
"33419149","wh1-atlanta","87"
"33435073","wh1-atlanta","252"
"33463652","wh1-atlanta","209"
"33463692","wh1-atlanta","102"
"35657964","wh1-atlanta","176"
"35657989","wh1-atlanta","137"
"35709508","wh1-atlanta","117"
"35855472","wh1-atlanta","90"
"36600554","wh1-atlanta","88"
"36600555","wh1-atlanta","170"
"37067048","wh1-atlanta","7"
"37087929","wh1-atlanta","78"
"37088731","wh1-atlanta","264"
"37286771","wh1-atlanta","165"
"37420376","wh1-atlanta","69"
"37420389","wh1-atlanta","61"
"37641987","wh1-atlanta","175"
"37642001","wh1-atlanta","251"
"37882965","wh1-atlanta","25"
"5761327","wh1-atlanta","55"
"58822101","wh1-atlanta","92"
"59123359","wh1-atlanta","259"
"59947220","wh1-atlanta","238"
"656359","wh1-atlanta","272"
"68672747","wh1-atlanta","169"
"71213102","wh1-atlanta","123"
"79457491","wh1-atlanta","294"
"79457495","wh1-atlanta","150"
"79457500","wh1-atlanta","97"
"79566738","wh1-atlanta","40"
"10756111","wh1-atlanta","209"
"10756112","wh1-atlanta","60"
"11044358","wh1-atlanta","182"
"11044359","wh1-atlanta","146"
"11044360","wh1-atlanta","151"
"11044361","wh1-atlanta","274"
"11044363","wh1-atlanta","156"
"11227289","wh1-atlanta","177"
"11270934","wh1-atlanta","113"
"11856354","wh1-atlanta","28"
"11998395","wh1-atlanta","38"
"11998396","wh1-atlanta","272"
"11998424","wh1-atlanta","258"
"11998534","wh1-atlanta","15"
"12396542","wh1-atlanta","125"
"12397657","wh1-atlanta","236"
"12468503","wh1-atlanta","59"
"12849185","wh1-atlanta","158"
"12849186","wh1-atlanta","276"
"12849187","wh1-atlanta","93"
"12849188","wh1-atlanta","219"
"13535150","wh1-atlanta","83"
"13535151","wh1-atlanta","266"
"13570244","wh1-atlanta","82"
"13570270","wh1-atlanta","145"
"13705079","wh1-atlanta","36"
"13841863","wh1-atlanta","12"
"13841889","wh1-atlanta","93"
"13841909","wh1-atlanta","112"
"13841939","wh1-atlanta","177"
"13842025","wh1-atlanta","195"
"13842051","wh1-atlanta","94"
"14226942","wh1-atlanta","121"
"14707553","wh1-atlanta","282"
"14710641","wh1-atlanta","248"
"14710642","wh1-atlanta","247"
"14870450","wh1-atlanta","164"
"15974268","wh1-atlanta","184"
"16029703","wh1-atlanta","189"
"16719959","wh1-atlanta","150"
"17378497","wh1-atlanta","101"
"17378531","wh1-atlanta","279"
"17496610","wh1-atlanta","74"
"17496683","wh1-atlanta","76"
"17496685","wh1-atlanta","217"
"17496711","wh1-atlanta","128"
"17496718","wh1-atlanta","141"
"17496729","wh1-atlanta","150"
"17546843","wh1-atlanta","90"
"17546854","wh1-atlanta","229"
"17558275","wh1-atlanta","77"
"17727051","wh1-atlanta","287"
"17727208","wh1-atlanta","194"
"17727332","wh1-atlanta","38"
"17727339","wh1-atlanta","294"
"17727444","wh1-atlanta","105"
"17727558","wh1-atlanta","279"
"17831494","wh1-atlanta","86"
"18642731","wh1-atlanta","71"
"18657018","wh1-atlanta","285"
"19203953","wh1-atlanta","0"
"19323878","wh1-atlanta","230"
"19358907","wh1-atlanta","260"
"19535626","wh1-atlanta","6"
"19881101","wh1-atlanta","252"
"20145999","wh1-atlanta","268"
"20926081","wh1-atlanta","119"
"20949299","wh1-atlanta","153"
"20949311","wh1-atlanta","282"
"20949394","wh1-atlanta","154"
"20949417","wh1-atlanta","104"
"21842477","wh1-atlanta","293"
"22123153","wh1-atlanta","125"
"24217174","wh1-atlanta","231"
"24217175","wh1-atlanta","140"
"24585119","wh1-atlanta","252"
"26065483","wh1-atlanta","160"
"26065484","wh1-atlanta","86"
"26137579","wh1-atlanta","169"
"26137580","wh1-atlanta","110"
"26436402","wh1-atlanta","266"
"26508170","wh1-atlanta","193"
"26508185","wh1-atlanta","144"
"26508186","wh1-atlanta","244"
"26508191","wh1-atlanta","121"
"26999123","wh1-atlanta","97"
"27183079","wh1-atlanta","236"
"27238367","wh1-atlanta","203"
"28479755","wh1-atlanta","231"
"29375295","wh1-atlanta","216"
"29375297","wh1-atlanta","172"
"29375301","wh1-atlanta","83"
"29375303","wh1-atlanta","34"
"29375305","wh1-atlanta","263"
"29375306","wh1-atlanta","33"
"29375307","wh1-atlanta","8"
"29524949","wh1-atlanta","196"
"29524951","wh1-atlanta","25"
"29541265","wh1-atlanta","154"
"30014674","wh1-atlanta","120"
"30381609","wh1-atlanta","80"
"30521353","wh1-atlanta","92"
"30521354","wh1-atlanta","52"
"30521355","wh1-atlanta","102"
"30521356","wh1-atlanta","202"
"30521362","wh1-atlanta","1"
"30590987","wh1-atlanta","216"
"30650881","wh1-atlanta","152"
"30696829","wh1-atlanta","214"
"30696830","wh1-atlanta","28"
"30696834","wh1-atlanta","297"
"30904870","wh1-atlanta","1"
"31029798","wh1-atlanta","105"
"31039948","wh1-atlanta","241"
"31040010","wh1-atlanta","162"
"31173903","wh1-atlanta","202"
"31173905","wh1-atlanta","293"
"31542257","wh1-atlanta","188"
"31613033","wh1-atlanta","157"
"32126652","wh1-atlanta","238"
"32126667","wh1-atlanta","210"
"32126670","wh1-atlanta","106"
"32126671","wh1-atlanta","13"
"32126680","wh1-atlanta","244"
"32126688","wh1-atlanta","194"
"32126694","wh1-atlanta","65"
"32126695","wh1-atlanta","38"
"32126696","wh1-atlanta","86"
"32276105","wh1-atlanta","38"
"32294896","wh1-atlanta","273"
"32294900","wh1-atlanta","8"
"32294902","wh1-atlanta","226"
"32294908","wh1-atlanta","269"
"32294913","wh1-atlanta","55"
"32294918","wh1-atlanta","73"
"32353794","wh1-atlanta","27"
"32353795","wh1-atlanta","214"
"32353796","wh1-atlanta","188"
"32774980","wh1-atlanta","153"
"32787223","wh1-atlanta","247"
"32871548","wh1-atlanta","41"
"32878756","wh1-atlanta","13"
"32928933","wh1-atlanta","234"
"32928940","wh1-atlanta","151"
"32928941","wh1-atlanta","155"
"32928942","wh1-atlanta","295"
"32928946","wh1-atlanta","31"
"32928950","wh1-atlanta","125"
"32928951","wh1-atlanta","237"
"32928956","wh1-atlanta","194"
"32928957","wh1-atlanta","115"
"32928965","wh1-atlanta","142"
"32928969","wh1-atlanta","65"
"32928970","wh1-atlanta","70"
"32928972","wh1-atlanta","169"
"32928973","wh1-atlanta","168"
"32928975","wh1-atlanta","100"
"32928979","wh1-atlanta","79"
"32928986","wh1-atlanta","126"
"32928991","wh1-atlanta","232"
"32928992","wh1-atlanta","37"
"32929001","wh1-atlanta","51"
"33066943","wh1-atlanta","173"
"33066949","wh1-atlanta","44"
"33066952","wh1-atlanta","22"
"33124544","wh1-atlanta","43"
"33124545","wh1-atlanta","19"
"33124546","wh1-atlanta","179"
"33124547","wh1-atlanta","279"
"33241333","wh1-atlanta","107"
"33241334","wh1-atlanta","261"
"33241335","wh1-atlanta","2"
"33241340","wh1-atlanta","67"
"33241344","wh1-atlanta","231"
"33241360","wh1-atlanta","277"
"33241363","wh1-atlanta","212"
"33241383","wh1-atlanta","296"
"33265101","wh1-atlanta","64"
"33665023","wh1-atlanta","103"
"33665030","wh1-atlanta","45"
"34603311","wh1-atlanta","90"
"35524381","wh1-atlanta","188"
"36183711","wh1-atlanta","172"
"36346337","wh1-atlanta","78"
"36346338","wh1-atlanta","15"
"36346339","wh1-atlanta","122"
"36346340","wh1-atlanta","120"
"36346341","wh1-atlanta","157"
"36346342","wh1-atlanta","221"
"36346343","wh1-atlanta","156"
"36346345","wh1-atlanta","128"
"36346352","wh1-atlanta","253"
"36346353","wh1-atlanta","236"
"36382428","wh1-atlanta","68"
"36382432","wh1-atlanta","138"
"36564140","wh1-atlanta","207"
"36773443","wh1-atlanta","3"
"36773445","wh1-atlanta","131"
"37071310","wh1-atlanta","293"
"37071311","wh1-atlanta","165"
"37280442","wh1-atlanta","98"
"37280443","wh1-atlanta","60"
"37280445","wh1-atlanta","284"
"37280446","wh1-atlanta","129"
"37280447","wh1-atlanta","142"
"37642003","wh1-atlanta","206"
"37642039","wh1-atlanta","240"
"37642050","wh1-atlanta","66"
"37882738","wh1-atlanta","212"
"37882740","wh1-atlanta","22"
"37882756","wh1-atlanta","142"
"37882768","wh1-atlanta","54"
"37883151","wh1-atlanta","171"
"38045105","wh1-atlanta","82"
"38101701","wh1-atlanta","72"
"38101719","wh1-atlanta","120"
"38101893","wh1-atlanta","206"
"38225004","wh1-atlanta","109"
"38225010","wh1-atlanta","114"
"38225011","wh1-atlanta","46"
"38225012","wh1-atlanta","27"
"38225013","wh1-atlanta","259"
"38225014","wh1-atlanta","70"
"38225017","wh1-atlanta","9"
"38225020","wh1-atlanta","115"
"38225023","wh1-atlanta","252"
"38225024","wh1-atlanta","128"
"38225026","wh1-atlanta","250"
"38225031","wh1-atlanta","222"
"38225033","wh1-atlanta","199"
"38225034","wh1-atlanta","72"
"39191870","wh1-atlanta","87"
"40203410","wh1-atlanta","94"
"41153648","wh1-atlanta","148"
"43102435","wh1-atlanta","244"
"43562729","wh1-atlanta","55"
"43562730","wh1-atlanta","219"
"43562732","wh1-atlanta","162"
"43562735","wh1-atlanta","84"
"43562745","wh1-atlanta","142"
"43562746","wh1-atlanta","187"
"49095640","wh1-atlanta","224"
"55502702","wh1-atlanta","217"
"55502703","wh1-atlanta","101"
"55904532","wh1-atlanta","176"
"56194724","wh1-atlanta","237"
"56194725","wh1-atlanta","6"
"56658977","wh1-atlanta","156"
"57858767","wh1-atlanta","299"
"5880582","wh1-atlanta","108"
"5890209","wh1-atlanta","62"
"5890211","wh1-atlanta","46"
"5890212","wh1-atlanta","285"
"5890214","wh1-atlanta","263"
"5890217","wh1-atlanta","2"
"5890238","wh1-atlanta","211"
"5890239","wh1-atlanta","110"
"5890240","wh1-atlanta","65"
"5890242","wh1-atlanta","20"
"5890243","wh1-atlanta","94"
"5890244","wh1-atlanta","98"
"5890245","wh1-atlanta","163"
"5890246","wh1-atlanta","204"
"5890247","wh1-atlanta","13"
"5890249","wh1-atlanta","75"
"5890250","wh1-atlanta","66"
"5890252","wh1-atlanta","256"
"5890253","wh1-atlanta","2"
"5937584","wh1-atlanta","296"
"5966504","wh1-atlanta","268"
"5966505","wh1-atlanta","15"
"60172369","wh1-atlanta","97"
"60172370","wh1-atlanta","10"
"65239564","wh1-atlanta","15"
"6733518","wh1-atlanta","124"
"6733519","wh1-atlanta","116"
"69675103","wh1-atlanta","58"
"74950534","wh1-atlanta","43"
"77198509","wh1-atlanta","87"
"77198516","wh1-atlanta","61"
"78322467","wh1-atlanta","46"
"7892667","wh1-atlanta","2"
"7892847","wh1-atlanta","220"
"7892850","wh1-atlanta","133"
"7892851","wh1-atlanta","18"
"7892852","wh1-atlanta","276"
"79167399","wh1-atlanta","265"
"7931172","wh1-atlanta","270"
"79944678","wh1-atlanta","146"
"79945682","wh1-atlanta","233"
"80017595","wh1-atlanta","3"
"80017655","wh1-atlanta","172"
"80017702","wh1-atlanta","238"
"80018165","wh1-atlanta","168"
"8011925","wh1-atlanta","118"
"80491955","wh1-atlanta","93"
"9010636","wh1-atlanta","247"
"9013599","wh1-atlanta","225"
"9588199","wh1-atlanta","147"
"9611164","wh1-atlanta","71"
"11708848","wh2-boston","788"
"14797418","wh2-boston","1401"
"19528657","wh2-boston","448"
"19532557","wh2-boston","274"
"19536431","wh2-boston","1356"
"20120810","wh2-boston","328"
"21544641","wh2-boston","506"
"21735084","wh2-boston","438"
"21901451","wh2-boston","1061"
"22123130","wh2-boston","1128"
"22202670","wh2-boston","1076"
"22202671","wh2-boston","927"
"22289948","wh2-boston","578"
"22289957","wh2-boston","819"
"22290048","wh2-boston","1190"
"22325629","wh2-boston","1085"
"22628031","wh2-boston","1396"
"22628099","wh2-boston","602"
"23086297","wh2-boston","946"
"23101989","wh2-boston","903"
"23101990","wh2-boston","902"
"23102000","wh2-boston","909"
"23102003","wh2-boston","1337"
"23188267","wh2-boston","1002"
"23248787","wh2-boston","1181"
"23293715","wh2-boston","969"
"23297625","wh2-boston","1255"
"23297626","wh2-boston","211"
"23297632","wh2-boston","803"
"23297639","wh2-boston","870"
"23297804","wh2-boston","233"
"23396609","wh2-boston","1427"
"24360492","wh2-boston","311"
"24375823","wh2-boston","638"
"24375831","wh2-boston","1347"
"24411580","wh2-boston","1365"
"24411679","wh2-boston","726"
"24481854","wh2-boston","864"
"24481857","wh2-boston","334"
"24481860","wh2-boston","389"
"24481861","wh2-boston","628"
"24481862","wh2-boston","1177"
"24508110","wh2-boston","486"
"24508650","wh2-boston","1226"
"24508659","wh2-boston","1391"
"24619180","wh2-boston","1392"
"24619182","wh2-boston","789"
"24780169","wh2-boston","858"
"24780195","wh2-boston","796"
"24780223","wh2-boston","655"
"25119483","wh2-boston","1258"
"25156003","wh2-boston","1312"
"25156008","wh2-boston","1218"
"25395504","wh2-boston","1346"
"25404896","wh2-boston","1296"
"25588729","wh2-boston","1216"
"25880386","wh2-boston","788"
"26028035","wh2-boston","1296"
"26170505","wh2-boston","996"
"26171070","wh2-boston","444"
"26171071","wh2-boston","982"
"26215766","wh2-boston","1066"
"26215773","wh2-boston","1480"
"26215775","wh2-boston","1395"
"26228069","wh2-boston","245"
"26232944","wh2-boston","326"
"26232948","wh2-boston","1248"
"26232952","wh2-boston","640"
"26232954","wh2-boston","240"
"26242745","wh2-boston","263"
"26242746","wh2-boston","277"
"26304844","wh2-boston","699"
"26304845","wh2-boston","714"
"26406115","wh2-boston","425"
"26426393","wh2-boston","389"
"26509202","wh2-boston","1129"
"26848534","wh2-boston","635"
"26891139","wh2-boston","885"
"26923243","wh2-boston","267"
"26933805","wh2-boston","1092"
"26961261","wh2-boston","587"
"26972601","wh2-boston","895"
"26999117","wh2-boston","707"
"27081855","wh2-boston","683"
"27081867","wh2-boston","586"
"27214088","wh2-boston","295"
"27214090","wh2-boston","1452"
"27214091","wh2-boston","662"
"27214096","wh2-boston","728"
"27214167","wh2-boston","414"
"27214171","wh2-boston","1242"
"27214173","wh2-boston","264"
"27214266","wh2-boston","1168"
"27261515","wh2-boston","1264"
"27278179","wh2-boston","725"
"28572662","wh2-boston","664"
"29282647","wh2-boston","1344"
"29282651","wh2-boston","787"
"29379586","wh2-boston","484"
"29387463","wh2-boston","1261"
"29387466","wh2-boston","1294"
"29387505","wh2-boston","593"
"29508551","wh2-boston","1030"
"29537204","wh2-boston","736"
"29537208","wh2-boston","971"
"29689528","wh2-boston","1022"
"29719858","wh2-boston","627"
"29731118","wh2-boston","691"
"29735778","wh2-boston","1227"
"29735780","wh2-boston","944"
"30097060","wh2-boston","1494"
"30296254","wh2-boston","692"
"30956484","wh2-boston","1038"
"32507564","wh2-boston","288"
"32929034","wh2-boston","473"
"33137403","wh2-boston","1413"
"33209982","wh2-boston","1281"
"33286833","wh2-boston","268"
"33396041","wh2-boston","1329"
"33419149","wh2-boston","1015"
"33435073","wh2-boston","1162"
"33463652","wh2-boston","545"
"33463692","wh2-boston","757"
"35657964","wh2-boston","463"
"35657989","wh2-boston","1412"
"35709508","wh2-boston","467"
"35855472","wh2-boston","375"
"36600554","wh2-boston","984"
"36600555","wh2-boston","337"
"37067048","wh2-boston","361"
"37087929","wh2-boston","752"
"37088731","wh2-boston","1294"
"37286771","wh2-boston","413"
"37420376","wh2-boston","287"
"37420389","wh2-boston","1481"
"37641987","wh2-boston","1053"
"37642001","wh2-boston","319"
"37882965","wh2-boston","1212"
"5761327","wh2-boston","1196"
"58822101","wh2-boston","369"
"59123359","wh2-boston","738"
"59947220","wh2-boston","290"
"656359","wh2-boston","1285"
"68672747","wh2-boston","773"
"71213102","wh2-boston","329"
"79457491","wh2-boston","926"
"79457495","wh2-boston","450"
"79457500","wh2-boston","579"
"79566738","wh2-boston","802"
"10756111","wh2-boston","833"
"10756112","wh2-boston","1112"
"11044358","wh2-boston","1089"
"11044359","wh2-boston","230"
"11044360","wh2-boston","1424"
"11044361","wh2-boston","1310"
"11044363","wh2-boston","1120"
"11227289","wh2-boston","523"
"11270934","wh2-boston","1122"
"11856354","wh2-boston","696"
"11998395","wh2-boston","678"
"11998396","wh2-boston","1319"
"11998424","wh2-boston","1170"
"11998534","wh2-boston","330"
"12396542","wh2-boston","659"
"12397657","wh2-boston","516"
"12468503","wh2-boston","1016"
"12849185","wh2-boston","573"
"12849186","wh2-boston","787"
"12849187","wh2-boston","449"
"12849188","wh2-boston","965"
"13535150","wh2-boston","1132"
"13535151","wh2-boston","1478"
"13570244","wh2-boston","553"
"13570270","wh2-boston","484"
"13705079","wh2-boston","1218"
"13841863","wh2-boston","316"
"13841889","wh2-boston","729"
"13841909","wh2-boston","1458"
"13841939","wh2-boston","743"
"13842025","wh2-boston","884"
"13842051","wh2-boston","431"
"14226942","wh2-boston","1201"
"14707553","wh2-boston","1117"
"14710641","wh2-boston","1260"
"14710642","wh2-boston","1276"
"14870450","wh2-boston","783"
"15974268","wh2-boston","507"
"16029703","wh2-boston","803"
"16719959","wh2-boston","1215"
"17378497","wh2-boston","203"
"17378531","wh2-boston","1209"
"17496610","wh2-boston","292"
"17496683","wh2-boston","629"
"17496685","wh2-boston","394"
"17496711","wh2-boston","580"
"17496718","wh2-boston","1012"
"17496729","wh2-boston","436"
"17546843","wh2-boston","1041"
"17546854","wh2-boston","507"
"17558275","wh2-boston","647"
"17727051","wh2-boston","980"
"17727208","wh2-boston","1076"
"17727332","wh2-boston","723"
"17727339","wh2-boston","215"
"17727444","wh2-boston","1376"
"17727558","wh2-boston","1248"
"17831494","wh2-boston","420"
"18642731","wh2-boston","748"
"18657018","wh2-boston","333"
"19203953","wh2-boston","315"
"19323878","wh2-boston","851"
"19358907","wh2-boston","714"
"19535626","wh2-boston","955"
"19881101","wh2-boston","843"
"20145999","wh2-boston","912"
"20926081","wh2-boston","1027"
"20949299","wh2-boston","750"
"20949311","wh2-boston","1321"
"20949394","wh2-boston","871"
"20949417","wh2-boston","330"
"21842477","wh2-boston","1263"
"22123153","wh2-boston","304"
"24217174","wh2-boston","1317"
"24217175","wh2-boston","1213"
"24585119","wh2-boston","863"
"26065483","wh2-boston","1401"
"26065484","wh2-boston","842"
"26137579","wh2-boston","1328"
"26137580","wh2-boston","1014"
"26436402","wh2-boston","1339"
"26508170","wh2-boston","915"
"26508185","wh2-boston","1141"
"26508186","wh2-boston","574"
"26508191","wh2-boston","443"
"26999123","wh2-boston","1107"
"27183079","wh2-boston","1068"
"27238367","wh2-boston","1476"
"28479755","wh2-boston","291"
"29375295","wh2-boston","461"
"29375297","wh2-boston","1292"
"29375301","wh2-boston","306"
"29375303","wh2-boston","1281"
"29375305","wh2-boston","876"
"29375306","wh2-boston","529"
"29375307","wh2-boston","561"
"29524949","wh2-boston","1164"
"29524951","wh2-boston","523"
"29541265","wh2-boston","529"
"30014674","wh2-boston","703"
"30381609","wh2-boston","1017"
"30521353","wh2-boston","763"
"30521354","wh2-boston","1235"
"30521355","wh2-boston","1285"
"30521356","wh2-boston","1006"
"30521362","wh2-boston","1253"
"30590987","wh2-boston","276"
"30650881","wh2-boston","803"
"30696829","wh2-boston","994"
"30696830","wh2-boston","473"
"30696834","wh2-boston","1368"
"30904870","wh2-boston","551"
"31029798","wh2-boston","731"
"31039948","wh2-boston","647"
"31040010","wh2-boston","557"
"31173903","wh2-boston","401"
"31173905","wh2-boston","632"
"31542257","wh2-boston","321"
"31613033","wh2-boston","774"
"32126652","wh2-boston","807"
"32126667","wh2-boston","780"
"32126670","wh2-boston","1292"
"32126671","wh2-boston","842"
"32126680","wh2-boston","896"
"32126688","wh2-boston","842"
"32126694","wh2-boston","1110"
"32126695","wh2-boston","204"
"32126696","wh2-boston","565"
"32276105","wh2-boston","258"
"32294896","wh2-boston","964"
"32294900","wh2-boston","542"
"32294902","wh2-boston","1185"
"32294908","wh2-boston","273"
"32294913","wh2-boston","1369"
"32294918","wh2-boston","779"
"32353794","wh2-boston","961"
"32353795","wh2-boston","976"
"32353796","wh2-boston","1184"
"32774980","wh2-boston","934"
"32787223","wh2-boston","200"
"32871548","wh2-boston","1103"
"32878756","wh2-boston","582"
"32928933","wh2-boston","910"
"32928940","wh2-boston","606"
"32928941","wh2-boston","542"
"32928942","wh2-boston","1223"
"32928946","wh2-boston","666"
"32928950","wh2-boston","560"
"32928951","wh2-boston","255"
"32928956","wh2-boston","500"
"32928957","wh2-boston","1030"
"32928965","wh2-boston","846"
"32928969","wh2-boston","716"
"32928970","wh2-boston","516"
"32928972","wh2-boston","1292"
"32928973","wh2-boston","1244"
"32928975","wh2-boston","956"
"32928979","wh2-boston","782"
"32928986","wh2-boston","748"
"32928991","wh2-boston","1317"
"32928992","wh2-boston","259"
"32929001","wh2-boston","1484"
"33066943","wh2-boston","550"
"33066949","wh2-boston","322"
"33066952","wh2-boston","332"
"33124544","wh2-boston","861"
"33124545","wh2-boston","236"
"33124546","wh2-boston","1277"
"33124547","wh2-boston","1299"
"33241333","wh2-boston","486"
"33241334","wh2-boston","962"
"33241335","wh2-boston","997"
"33241340","wh2-boston","201"
"33241344","wh2-boston","479"
"33241360","wh2-boston","1036"
"33241363","wh2-boston","795"
"33241383","wh2-boston","1247"
"33265101","wh2-boston","1483"
"33665023","wh2-boston","344"
"33665030","wh2-boston","226"
"34603311","wh2-boston","773"
"35524381","wh2-boston","488"
"36183711","wh2-boston","1252"
"36346337","wh2-boston","1137"
"36346338","wh2-boston","885"
"36346339","wh2-boston","1331"
"36346340","wh2-boston","386"
"36346341","wh2-boston","357"
"36346342","wh2-boston","1276"
"36346343","wh2-boston","1214"
"36346345","wh2-boston","1255"
"36346352","wh2-boston","306"
"36346353","wh2-boston","1246"
"36382428","wh2-boston","321"
"36382432","wh2-boston","370"
"36564140","wh2-boston","368"
"36773443","wh2-boston","703"
"36773445","wh2-boston","743"
"37071310","wh2-boston","1350"
"37071311","wh2-boston","1172"
"37280442","wh2-boston","338"
"37280443","wh2-boston","602"
"37280445","wh2-boston","363"
"37280446","wh2-boston","1484"
"37280447","wh2-boston","1152"
"37642003","wh2-boston","1434"
"37642039","wh2-boston","1422"
"37642050","wh2-boston","233"
"37882738","wh2-boston","1123"
"37882740","wh2-boston","949"
"37882756","wh2-boston","1446"
"37882768","wh2-boston","1434"
"37883151","wh2-boston","1273"
"38045105","wh2-boston","977"
"38101701","wh2-boston","1128"
"38101719","wh2-boston","1352"
"38101893","wh2-boston","954"
"38225004","wh2-boston","753"
"38225010","wh2-boston","355"
"38225011","wh2-boston","1396"
"38225012","wh2-boston","737"
"38225013","wh2-boston","428"
"38225014","wh2-boston","963"
"38225017","wh2-boston","1065"
"38225020","wh2-boston","488"
"38225023","wh2-boston","300"
"38225024","wh2-boston","288"
"38225026","wh2-boston","697"
"38225031","wh2-boston","914"
"38225033","wh2-boston","259"
"38225034","wh2-boston","1419"
"39191870","wh2-boston","559"
"40203410","wh2-boston","435"
"41153648","wh2-boston","428"
"43102435","wh2-boston","457"
"43562729","wh2-boston","967"
"43562730","wh2-boston","1050"
"43562732","wh2-boston","870"
"43562735","wh2-boston","841"
"43562745","wh2-boston","756"
"43562746","wh2-boston","979"
"49095640","wh2-boston","994"
"55502702","wh2-boston","1063"
"55502703","wh2-boston","572"
"55904532","wh2-boston","1148"
"56194724","wh2-boston","390"
"56194725","wh2-boston","1113"
"56658977","wh2-boston","351"
"57858767","wh2-boston","511"
"5880582","wh2-boston","749"
"5890209","wh2-boston","1078"
"5890211","wh2-boston","1358"
"5890212","wh2-boston","1478"
"5890214","wh2-boston","1152"
"5890217","wh2-boston","624"
"5890238","wh2-boston","1323"
"5890239","wh2-boston","695"
"5890240","wh2-boston","1018"
"5890242","wh2-boston","1400"
"5890243","wh2-boston","968"
"5890244","wh2-boston","878"
"5890245","wh2-boston","559"
"5890246","wh2-boston","575"
"5890247","wh2-boston","1044"
"5890249","wh2-boston","1253"
"5890250","wh2-boston","1299"
"5890252","wh2-boston","628"
"5890253","wh2-boston","1416"
"5937584","wh2-boston","588"
"5966504","wh2-boston","583"
"5966505","wh2-boston","260"
"60172369","wh2-boston","1299"
"60172370","wh2-boston","934"
"65239564","wh2-boston","1176"
"6733518","wh2-boston","1160"
"6733519","wh2-boston","1329"
"69675103","wh2-boston","214"
"74950534","wh2-boston","432"
"77198509","wh2-boston","1460"
"77198516","wh2-boston","1151"
"78322467","wh2-boston","1360"
"7892667","wh2-boston","1087"
"7892847","wh2-boston","987"
"7892850","wh2-boston","1415"
"7892851","wh2-boston","827"
"7892852","wh2-boston","1294"
"79167399","wh2-boston","1130"
"7931172","wh2-boston","847"
"79944678","wh2-boston","300"
"79945682","wh2-boston","284"
"80017595","wh2-boston","913"
"80017655","wh2-boston","802"
"80017702","wh2-boston","1154"
"80018165","wh2-boston","549"
"8011925","wh2-boston","1342"
"80491955","wh2-boston","1019"
"9010636","wh2-boston","1356"
"9013599","wh2-boston","704"
"9588199","wh2-boston","1463"
"9611164","wh2-boston","1056"
"11708848","wh3-dallas","105"
"14797418","wh3-dallas","177"
"19528657","wh3-dallas","100"
"19532557","wh3-dallas","73"
"19536431","wh3-dallas","245"
"20120810","wh3-dallas","171"
"21544641","wh3-dallas","251"
"21735084","wh3-dallas","101"
"21901451","wh3-dallas","48"
"22123130","wh3-dallas","142"
"22202670","wh3-dallas","245"
"22202671","wh3-dallas","80"
"22289948","wh3-dallas","106"
"22289957","wh3-dallas","64"
"22290048","wh3-dallas","266"
"22325629","wh3-dallas","224"
"22628031","wh3-dallas","86"
"22628099","wh3-dallas","279"
"23086297","wh3-dallas","150"
"23101989","wh3-dallas","7"
"23101990","wh3-dallas","176"
"23102000","wh3-dallas","292"
"23102003","wh3-dallas","214"
"23188267","wh3-dallas","299"
"23248787","wh3-dallas","220"
"23293715","wh3-dallas","166"
"23297625","wh3-dallas","40"
"23297626","wh3-dallas","141"
"23297632","wh3-dallas","287"
"23297639","wh3-dallas","37"
"23297804","wh3-dallas","198"
"23396609","wh3-dallas","291"
"24360492","wh3-dallas","37"
"24375823","wh3-dallas","293"
"24375831","wh3-dallas","123"
"24411580","wh3-dallas","111"
"24411679","wh3-dallas","29"
"24481854","wh3-dallas","98"
"24481857","wh3-dallas","120"
"24481860","wh3-dallas","144"
"24481861","wh3-dallas","161"
"24481862","wh3-dallas","167"
"24508110","wh3-dallas","185"
"24508650","wh3-dallas","36"
"24508659","wh3-dallas","170"
"24619180","wh3-dallas","111"
"24619182","wh3-dallas","128"
"24780169","wh3-dallas","242"
"24780195","wh3-dallas","238"
"24780223","wh3-dallas","47"
"25119483","wh3-dallas","127"
"25156003","wh3-dallas","212"
"25156008","wh3-dallas","125"
"25395504","wh3-dallas","149"
"25404896","wh3-dallas","142"
"25588729","wh3-dallas","40"
"25880386","wh3-dallas","218"
"26028035","wh3-dallas","276"
"26170505","wh3-dallas","38"
"26171070","wh3-dallas","162"
"26171071","wh3-dallas","255"
"26215766","wh3-dallas","152"
"26215773","wh3-dallas","114"
"26215775","wh3-dallas","135"
"26228069","wh3-dallas","34"
"26232944","wh3-dallas","226"
"26232948","wh3-dallas","291"
"26232952","wh3-dallas","112"
"26232954","wh3-dallas","197"
"26242745","wh3-dallas","134"
"26242746","wh3-dallas","253"
"26304844","wh3-dallas","64"
"26304845","wh3-dallas","209"
"26406115","wh3-dallas","48"
"26426393","wh3-dallas","214"
"26509202","wh3-dallas","27"
"26848534","wh3-dallas","208"
"26891139","wh3-dallas","218"
"26923243","wh3-dallas","231"
"26933805","wh3-dallas","138"
"26961261","wh3-dallas","259"
"26972601","wh3-dallas","143"
"26999117","wh3-dallas","61"
"27081855","wh3-dallas","21"
"27081867","wh3-dallas","106"
"27214088","wh3-dallas","79"
"27214090","wh3-dallas","131"
"27214091","wh3-dallas","124"
"27214096","wh3-dallas","25"
"27214167","wh3-dallas","211"
"27214171","wh3-dallas","267"
"27214173","wh3-dallas","78"
"27214266","wh3-dallas","110"
"27261515","wh3-dallas","184"
"27278179","wh3-dallas","173"
"28572662","wh3-dallas","140"
"29282647","wh3-dallas","181"
"29282651","wh3-dallas","118"
"29379586","wh3-dallas","45"
"29387463","wh3-dallas","125"
"29387466","wh3-dallas","123"
"29387505","wh3-dallas","270"
"29508551","wh3-dallas","112"
"29537204","wh3-dallas","249"
"29537208","wh3-dallas","300"
"29689528","wh3-dallas","25"
"29719858","wh3-dallas","135"
"29731118","wh3-dallas","219"
"29735778","wh3-dallas","116"
"29735780","wh3-dallas","106"
"30097060","wh3-dallas","133"
"30296254","wh3-dallas","142"
"30956484","wh3-dallas","70"
"32507564","wh3-dallas","176"
"32929034","wh3-dallas","134"
"33137403","wh3-dallas","40"
"33209982","wh3-dallas","25"
"33286833","wh3-dallas","220"
"33396041","wh3-dallas","37"
"33419149","wh3-dallas","241"
"33435073","wh3-dallas","190"
"33463652","wh3-dallas","212"
"33463692","wh3-dallas","162"
"35657964","wh3-dallas","185"
"35657989","wh3-dallas","209"
"35709508","wh3-dallas","36"
"35855472","wh3-dallas","272"
"36600554","wh3-dallas","35"
"36600555","wh3-dallas","161"
"37067048","wh3-dallas","4"
"37087929","wh3-dallas","124"
"37088731","wh3-dallas","216"
"37286771","wh3-dallas","162"
"37420376","wh3-dallas","215"
"37420389","wh3-dallas","40"
"37641987","wh3-dallas","215"
"37642001","wh3-dallas","161"
"37882965","wh3-dallas","30"
"5761327","wh3-dallas","105"
"58822101","wh3-dallas","290"
"59123359","wh3-dallas","56"
"59947220","wh3-dallas","273"
"656359","wh3-dallas","160"
"68672747","wh3-dallas","71"
"71213102","wh3-dallas","110"
"79457491","wh3-dallas","150"
"79457495","wh3-dallas","114"
"79457500","wh3-dallas","89"
"79566738","wh3-dallas","161"
"10756111","wh3-dallas","184"
"10756112","wh3-dallas","247"
"11044358","wh3-dallas","86"
"11044359","wh3-dallas","140"
"11044360","wh3-dallas","280"
"11044361","wh3-dallas","50"
"11044363","wh3-dallas","226"
"11227289","wh3-dallas","277"
"11270934","wh3-dallas","265"
"11856354","wh3-dallas","110"
"11998395","wh3-dallas","245"
"11998396","wh3-dallas","24"
"11998424","wh3-dallas","151"
"11998534","wh3-dallas","251"
"12396542","wh3-dallas","262"
"12397657","wh3-dallas","28"
"12468503","wh3-dallas","221"
"12849185","wh3-dallas","191"
"12849186","wh3-dallas","147"
"12849187","wh3-dallas","298"
"12849188","wh3-dallas","59"
"13535150","wh3-dallas","165"
"13535151","wh3-dallas","146"
"13570244","wh3-dallas","264"
"13570270","wh3-dallas","115"
"13705079","wh3-dallas","23"
"13841863","wh3-dallas","279"
"13841889","wh3-dallas","111"
"13841909","wh3-dallas","108"
"13841939","wh3-dallas","233"
"13842025","wh3-dallas","54"
"13842051","wh3-dallas","19"
"14226942","wh3-dallas","266"
"14707553","wh3-dallas","124"
"14710641","wh3-dallas","36"
"14710642","wh3-dallas","278"
"14870450","wh3-dallas","228"
"15974268","wh3-dallas","199"
"16029703","wh3-dallas","151"
"16719959","wh3-dallas","205"
"17378497","wh3-dallas","225"
"17378531","wh3-dallas","2"
"17496610","wh3-dallas","238"
"17496683","wh3-dallas","135"
"17496685","wh3-dallas","12"
"17496711","wh3-dallas","48"
"17496718","wh3-dallas","16"
"17496729","wh3-dallas","163"
"17546843","wh3-dallas","82"
"17546854","wh3-dallas","176"
"17558275","wh3-dallas","279"
"17727051","wh3-dallas","223"
"17727208","wh3-dallas","58"
"17727332","wh3-dallas","165"
"17727339","wh3-dallas","128"
"17727444","wh3-dallas","33"
"17727558","wh3-dallas","72"
"17831494","wh3-dallas","13"
"18642731","wh3-dallas","22"
"18657018","wh3-dallas","264"
"19203953","wh3-dallas","151"
"19323878","wh3-dallas","222"
"19358907","wh3-dallas","142"
"19535626","wh3-dallas","270"
"19881101","wh3-dallas","92"
"20145999","wh3-dallas","204"
"20926081","wh3-dallas","7"
"20949299","wh3-dallas","109"
"20949311","wh3-dallas","9"
"20949394","wh3-dallas","143"
"20949417","wh3-dallas","160"
"21842477","wh3-dallas","242"
"22123153","wh3-dallas","284"
"24217174","wh3-dallas","50"
"24217175","wh3-dallas","246"
"24585119","wh3-dallas","53"
"26065483","wh3-dallas","191"
"26065484","wh3-dallas","260"
"26137579","wh3-dallas","133"
"26137580","wh3-dallas","267"
"26436402","wh3-dallas","174"
"26508170","wh3-dallas","265"
"26508185","wh3-dallas","288"
"26508186","wh3-dallas","114"
"26508191","wh3-dallas","4"
"26999123","wh3-dallas","109"
"27183079","wh3-dallas","15"
"27238367","wh3-dallas","196"
"28479755","wh3-dallas","153"
"29375295","wh3-dallas","297"
"29375297","wh3-dallas","161"
"29375301","wh3-dallas","288"
"29375303","wh3-dallas","116"
"29375305","wh3-dallas","118"
"29375306","wh3-dallas","290"
"29375307","wh3-dallas","236"
"29524949","wh3-dallas","220"
"29524951","wh3-dallas","58"
"29541265","wh3-dallas","103"
"30014674","wh3-dallas","140"
"30381609","wh3-dallas","283"
"30521353","wh3-dallas","42"
"30521354","wh3-dallas","34"
"30521355","wh3-dallas","30"
"30521356","wh3-dallas","209"
"30521362","wh3-dallas","80"
"30590987","wh3-dallas","230"
"30650881","wh3-dallas","31"
"30696829","wh3-dallas","169"
"30696830","wh3-dallas","156"
"30696834","wh3-dallas","145"
"30904870","wh3-dallas","129"
"31029798","wh3-dallas","270"
"31039948","wh3-dallas","250"
"31040010","wh3-dallas","38"
"31173903","wh3-dallas","154"
"31173905","wh3-dallas","141"
"31542257","wh3-dallas","197"
"31613033","wh3-dallas","267"
"32126652","wh3-dallas","50"
"32126667","wh3-dallas","9"
"32126670","wh3-dallas","262"
"32126671","wh3-dallas","279"
"32126680","wh3-dallas","136"
"32126688","wh3-dallas","232"
"32126694","wh3-dallas","57"
"32126695","wh3-dallas","125"
"32126696","wh3-dallas","204"
"32276105","wh3-dallas","111"
"32294896","wh3-dallas","273"
"32294900","wh3-dallas","183"
"32294902","wh3-dallas","146"
"32294908","wh3-dallas","126"
"32294913","wh3-dallas","205"
"32294918","wh3-dallas","209"
"32353794","wh3-dallas","252"
"32353795","wh3-dallas","243"
"32353796","wh3-dallas","199"
"32774980","wh3-dallas","290"
"32787223","wh3-dallas","190"
"32871548","wh3-dallas","169"
"32878756","wh3-dallas","259"
"32928933","wh3-dallas","291"
"32928940","wh3-dallas","143"
"32928941","wh3-dallas","134"
"32928942","wh3-dallas","60"
"32928946","wh3-dallas","126"
"32928950","wh3-dallas","40"
"32928951","wh3-dallas","294"
"32928956","wh3-dallas","33"
"32928957","wh3-dallas","273"
"32928965","wh3-dallas","8"
"32928969","wh3-dallas","267"
"32928970","wh3-dallas","72"
"32928972","wh3-dallas","34"
"32928973","wh3-dallas","154"
"32928975","wh3-dallas","216"
"32928979","wh3-dallas","161"
"32928986","wh3-dallas","117"
"32928991","wh3-dallas","63"
"32928992","wh3-dallas","109"
"32929001","wh3-dallas","27"
"33066943","wh3-dallas","211"
"33066949","wh3-dallas","247"
"33066952","wh3-dallas","156"
"33124544","wh3-dallas","118"
"33124545","wh3-dallas","103"
"33124546","wh3-dallas","15"
"33124547","wh3-dallas","100"
"33241333","wh3-dallas","14"
"33241334","wh3-dallas","143"
"33241335","wh3-dallas","299"
"33241340","wh3-dallas","137"
"33241344","wh3-dallas","61"
"33241360","wh3-dallas","3"
"33241363","wh3-dallas","225"
"33241383","wh3-dallas","134"
"33265101","wh3-dallas","51"
"33665023","wh3-dallas","254"
"33665030","wh3-dallas","282"
"34603311","wh3-dallas","270"
"35524381","wh3-dallas","231"
"36183711","wh3-dallas","193"
"36346337","wh3-dallas","197"
"36346338","wh3-dallas","189"
"36346339","wh3-dallas","111"
"36346340","wh3-dallas","122"
"36346341","wh3-dallas","130"
"36346342","wh3-dallas","284"
"36346343","wh3-dallas","127"
"36346345","wh3-dallas","176"
"36346352","wh3-dallas","83"
"36346353","wh3-dallas","165"
"36382428","wh3-dallas","219"
"36382432","wh3-dallas","199"
"36564140","wh3-dallas","148"
"36773443","wh3-dallas","78"
"36773445","wh3-dallas","71"
"37071310","wh3-dallas","41"
"37071311","wh3-dallas","201"
"37280442","wh3-dallas","180"
"37280443","wh3-dallas","0"
"37280445","wh3-dallas","199"
"37280446","wh3-dallas","25"
"37280447","wh3-dallas","224"
"37642003","wh3-dallas","39"
"37642039","wh3-dallas","12"
"37642050","wh3-dallas","103"
"37882738","wh3-dallas","60"
"37882740","wh3-dallas","271"
"37882756","wh3-dallas","170"
"37882768","wh3-dallas","281"
"37883151","wh3-dallas","58"
"38045105","wh3-dallas","147"
"38101701","wh3-dallas","33"
"38101719","wh3-dallas","23"
"38101893","wh3-dallas","95"
"38225004","wh3-dallas","54"
"38225010","wh3-dallas","163"
"38225011","wh3-dallas","97"
"38225012","wh3-dallas","92"
"38225013","wh3-dallas","171"
"38225014","wh3-dallas","162"
"38225017","wh3-dallas","291"
"38225020","wh3-dallas","263"
"38225023","wh3-dallas","200"
"38225024","wh3-dallas","93"
"38225026","wh3-dallas","218"
"38225031","wh3-dallas","170"
"38225033","wh3-dallas","66"
"38225034","wh3-dallas","12"
"39191870","wh3-dallas","150"
"40203410","wh3-dallas","20"
"41153648","wh3-dallas","292"
"43102435","wh3-dallas","83"
"43562729","wh3-dallas","202"
"43562730","wh3-dallas","1"
"43562732","wh3-dallas","296"
"43562735","wh3-dallas","110"
"43562745","wh3-dallas","167"
"43562746","wh3-dallas","242"
"49095640","wh3-dallas","111"
"55502702","wh3-dallas","189"
"55502703","wh3-dallas","177"
"55904532","wh3-dallas","300"
"56194724","wh3-dallas","1"
"56194725","wh3-dallas","243"
"56658977","wh3-dallas","298"
"57858767","wh3-dallas","57"
"5880582","wh3-dallas","195"
"5890209","wh3-dallas","175"
"5890211","wh3-dallas","217"
"5890212","wh3-dallas","270"
"5890214","wh3-dallas","114"
"5890217","wh3-dallas","299"
"5890238","wh3-dallas","25"
"5890239","wh3-dallas","87"
"5890240","wh3-dallas","0"
"5890242","wh3-dallas","235"
"5890243","wh3-dallas","269"
"5890244","wh3-dallas","159"
"5890245","wh3-dallas","159"
"5890246","wh3-dallas","83"
"5890247","wh3-dallas","21"
"5890249","wh3-dallas","292"
"5890250","wh3-dallas","119"
"5890252","wh3-dallas","216"
"5890253","wh3-dallas","219"
"5937584","wh3-dallas","112"
"5966504","wh3-dallas","144"
"5966505","wh3-dallas","209"
"60172369","wh3-dallas","156"
"60172370","wh3-dallas","112"
"65239564","wh3-dallas","191"
"6733518","wh3-dallas","185"
"6733519","wh3-dallas","5"
"69675103","wh3-dallas","207"
"74950534","wh3-dallas","155"
"77198509","wh3-dallas","77"
"77198516","wh3-dallas","159"
"78322467","wh3-dallas","288"
"7892667","wh3-dallas","243"
"7892847","wh3-dallas","105"
"7892850","wh3-dallas","25"
"7892851","wh3-dallas","129"
"7892852","wh3-dallas","115"
"79167399","wh3-dallas","192"
"7931172","wh3-dallas","48"
"79944678","wh3-dallas","204"
"79945682","wh3-dallas","201"
"80017595","wh3-dallas","198"
"80017655","wh3-dallas","246"
"80017702","wh3-dallas","254"
"80018165","wh3-dallas","168"
"8011925","wh3-dallas","236"
"80491955","wh3-dallas","179"
"9010636","wh3-dallas","298"
"9013599","wh3-dallas","52"
"9588199","wh3-dallas","105"
"9611164","wh3-dallas","70"
"11708848","wh4-losangeles","247"
"14797418","wh4-losangeles","260"
"19528657","wh4-losangeles","83"
"19532557","wh4-losangeles","46"
"19536431","wh4-losangeles","11"
"20120810","wh4-losangeles","265"
"21544641","wh4-losangeles","294"
"21735084","wh4-losangeles","89"
"21901451","wh4-losangeles","210"
"22123130","wh4-losangeles","117"
"22202670","wh4-losangeles","235"
"22202671","wh4-losangeles","278"
"22289948","wh4-losangeles","180"
"22289957","wh4-losangeles","232"
"22290048","wh4-losangeles","28"
"22325629","wh4-losangeles","285"
"22628031","wh4-losangeles","276"
"22628099","wh4-losangeles","233"
"23086297","wh4-losangeles","104"
"23101989","wh4-losangeles","103"
"23101990","wh4-losangeles","20"
"23102000","wh4-losangeles","294"
"23102003","wh4-losangeles","278"
"23188267","wh4-losangeles","27"
"23248787","wh4-losangeles","95"
"23293715","wh4-losangeles","251"
"23297625","wh4-losangeles","67"
"23297626","wh4-losangeles","250"
"23297632","wh4-losangeles","33"
"23297639","wh4-losangeles","44"
"23297804","wh4-losangeles","50"
"23396609","wh4-losangeles","34"
"24360492","wh4-losangeles","240"
"24375823","wh4-losangeles","273"
"24375831","wh4-losangeles","252"
"24411580","wh4-losangeles","156"
"24411679","wh4-losangeles","132"
"24481854","wh4-losangeles","53"
"24481857","wh4-losangeles","115"
"24481860","wh4-losangeles","102"
"24481861","wh4-losangeles","155"
"24481862","wh4-losangeles","17"
"24508110","wh4-losangeles","56"
"24508650","wh4-losangeles","117"
"24508659","wh4-losangeles","158"
"24619180","wh4-losangeles","72"
"24619182","wh4-losangeles","198"
"24780169","wh4-losangeles","24"
"24780195","wh4-losangeles","69"
"24780223","wh4-losangeles","130"
"25119483","wh4-losangeles","174"
"25156003","wh4-losangeles","171"
"25156008","wh4-losangeles","41"
"25395504","wh4-losangeles","8"
"25404896","wh4-losangeles","193"
"25588729","wh4-losangeles","229"
"25880386","wh4-losangeles","144"
"26028035","wh4-losangeles","74"
"26170505","wh4-losangeles","12"
"26171070","wh4-losangeles","78"
"26171071","wh4-losangeles","195"
"26215766","wh4-losangeles","220"
"26215773","wh4-losangeles","49"
"26215775","wh4-losangeles","78"
"26228069","wh4-losangeles","281"
"26232944","wh4-losangeles","180"
"26232948","wh4-losangeles","212"
"26232952","wh4-losangeles","275"
"26232954","wh4-losangeles","234"
"26242745","wh4-losangeles","260"
"26242746","wh4-losangeles","229"
"26304844","wh4-losangeles","248"
"26304845","wh4-losangeles","109"
"26406115","wh4-losangeles","214"
"26426393","wh4-losangeles","95"
"26509202","wh4-losangeles","227"
"26848534","wh4-losangeles","33"
"26891139","wh4-losangeles","16"
"26923243","wh4-losangeles","155"
"26933805","wh4-losangeles","286"
"26961261","wh4-losangeles","25"
"26972601","wh4-losangeles","299"
"26999117","wh4-losangeles","201"
"27081855","wh4-losangeles","185"
"27081867","wh4-losangeles","233"
"27214088","wh4-losangeles","160"
"27214090","wh4-losangeles","51"
"27214091","wh4-losangeles","173"
"27214096","wh4-losangeles","2"
"27214167","wh4-losangeles","221"
"27214171","wh4-losangeles","298"
"27214173","wh4-losangeles","147"
"27214266","wh4-losangeles","263"
"27261515","wh4-losangeles","212"
"27278179","wh4-losangeles","286"
"28572662","wh4-losangeles","144"
"29282647","wh4-losangeles","247"
"29282651","wh4-losangeles","0"
"29379586","wh4-losangeles","36"
"29387463","wh4-losangeles","111"
"29387466","wh4-losangeles","253"
"29387505","wh4-losangeles","148"
"29508551","wh4-losangeles","165"
"29537204","wh4-losangeles","240"
"29537208","wh4-losangeles","131"
"29689528","wh4-losangeles","16"
"29719858","wh4-losangeles","156"
"29731118","wh4-losangeles","259"
"29735778","wh4-losangeles","244"
"29735780","wh4-losangeles","198"
"30097060","wh4-losangeles","275"
"30296254","wh4-losangeles","18"
"30956484","wh4-losangeles","7"
"32507564","wh4-losangeles","289"
"32929034","wh4-losangeles","47"
"33137403","wh4-losangeles","281"
"33209982","wh4-losangeles","2"
"33286833","wh4-losangeles","190"
"33396041","wh4-losangeles","222"
"33419149","wh4-losangeles","18"
"33435073","wh4-losangeles","145"
"33463652","wh4-losangeles","214"
"33463692","wh4-losangeles","299"
"35657964","wh4-losangeles","247"
"35657989","wh4-losangeles","227"
"35709508","wh4-losangeles","44"
"35855472","wh4-losangeles","68"
"36600554","wh4-losangeles","174"
"36600555","wh4-losangeles","175"
"37067048","wh4-losangeles","157"
"37087929","wh4-losangeles","118"
"37088731","wh4-losangeles","141"
"37286771","wh4-losangeles","119"
"37420376","wh4-losangeles","52"
"37420389","wh4-losangeles","241"
"37641987","wh4-losangeles","60"
"37642001","wh4-losangeles","282"
"37882965","wh4-losangeles","300"
"5761327","wh4-losangeles","20"
"58822101","wh4-losangeles","239"
"59123359","wh4-losangeles","55"
"59947220","wh4-losangeles","61"
"656359","wh4-losangeles","290"
"68672747","wh4-losangeles","114"
"71213102","wh4-losangeles","140"
"79457491","wh4-losangeles","270"
"79457495","wh4-losangeles","111"
"79457500","wh4-losangeles","73"
"79566738","wh4-losangeles","163"
"10756111","wh4-losangeles","65"
"10756112","wh4-losangeles","60"
"11044358","wh4-losangeles","65"
"11044359","wh4-losangeles","80"
"11044360","wh4-losangeles","149"
"11044361","wh4-losangeles","118"
"11044363","wh4-losangeles","167"
"11227289","wh4-losangeles","269"
"11270934","wh4-losangeles","227"
"11856354","wh4-losangeles","76"
"11998395","wh4-losangeles","241"
"11998396","wh4-losangeles","237"
"11998424","wh4-losangeles","266"
"11998534","wh4-losangeles","244"
"12396542","wh4-losangeles","239"
"12397657","wh4-losangeles","2"
"12468503","wh4-losangeles","238"
"12849185","wh4-losangeles","34"
"12849186","wh4-losangeles","235"
"12849187","wh4-losangeles","227"
"12849188","wh4-losangeles","250"
"13535150","wh4-losangeles","108"
"13535151","wh4-losangeles","222"
"13570244","wh4-losangeles","17"
"13570270","wh4-losangeles","174"
"13705079","wh4-losangeles","60"
"13841863","wh4-losangeles","10"
"13841889","wh4-losangeles","15"
"13841909","wh4-losangeles","120"
"13841939","wh4-losangeles","144"
"13842025","wh4-losangeles","215"
"13842051","wh4-losangeles","64"
"14226942","wh4-losangeles","143"
"14707553","wh4-losangeles","157"
"14710641","wh4-losangeles","201"
"14710642","wh4-losangeles","213"
"14870450","wh4-losangeles","44"
"15974268","wh4-losangeles","248"
"16029703","wh4-losangeles","155"
"16719959","wh4-losangeles","245"
"17378497","wh4-losangeles","258"
"17378531","wh4-losangeles","34"
"17496610","wh4-losangeles","182"
"17496683","wh4-losangeles","137"
"17496685","wh4-losangeles","149"
"17496711","wh4-losangeles","64"
"17496718","wh4-losangeles","223"
"17496729","wh4-losangeles","165"
"17546843","wh4-losangeles","128"
"17546854","wh4-losangeles","227"
"17558275","wh4-losangeles","165"
"17727051","wh4-losangeles","180"
"17727208","wh4-losangeles","210"
"17727332","wh4-losangeles","86"
"17727339","wh4-losangeles","161"
"17727444","wh4-losangeles","259"
"17727558","wh4-losangeles","5"
"17831494","wh4-losangeles","246"
"18642731","wh4-losangeles","102"
"18657018","wh4-losangeles","88"
"19203953","wh4-losangeles","9"
"19323878","wh4-losangeles","279"
"19358907","wh4-losangeles","25"
"19535626","wh4-losangeles","126"
"19881101","wh4-losangeles","235"
"20145999","wh4-losangeles","50"
"20926081","wh4-losangeles","253"
"20949299","wh4-losangeles","72"
"20949311","wh4-losangeles","286"
"20949394","wh4-losangeles","107"
"20949417","wh4-losangeles","113"
"21842477","wh4-losangeles","299"
"22123153","wh4-losangeles","129"
"24217174","wh4-losangeles","42"
"24217175","wh4-losangeles","93"
"24585119","wh4-losangeles","206"
"26065483","wh4-losangeles","37"
"26065484","wh4-losangeles","272"
"26137579","wh4-losangeles","8"
"26137580","wh4-losangeles","24"
"26436402","wh4-losangeles","148"
"26508170","wh4-losangeles","171"
"26508185","wh4-losangeles","232"
"26508186","wh4-losangeles","104"
"26508191","wh4-losangeles","187"
"26999123","wh4-losangeles","19"
"27183079","wh4-losangeles","282"
"27238367","wh4-losangeles","37"
"28479755","wh4-losangeles","98"
"29375295","wh4-losangeles","25"
"29375297","wh4-losangeles","107"
"29375301","wh4-losangeles","23"
"29375303","wh4-losangeles","214"
"29375305","wh4-losangeles","221"
"29375306","wh4-losangeles","269"
"29375307","wh4-losangeles","86"
"29524949","wh4-losangeles","238"
"29524951","wh4-losangeles","6"
"29541265","wh4-losangeles","111"
"30014674","wh4-losangeles","280"
"30381609","wh4-losangeles","270"
"30521353","wh4-losangeles","130"
"30521354","wh4-losangeles","20"
"30521355","wh4-losangeles","211"
"30521356","wh4-losangeles","101"
"30521362","wh4-losangeles","66"
"30590987","wh4-losangeles","159"
"30650881","wh4-losangeles","299"
"30696829","wh4-losangeles","205"
"30696830","wh4-losangeles","82"
"30696834","wh4-losangeles","128"
"30904870","wh4-losangeles","16"
"31029798","wh4-losangeles","3"
"31039948","wh4-losangeles","24"
"31040010","wh4-losangeles","286"
"31173903","wh4-losangeles","177"
"31173905","wh4-losangeles","198"
"31542257","wh4-losangeles","125"
"31613033","wh4-losangeles","222"
"32126652","wh4-losangeles","123"
"32126667","wh4-losangeles","75"
"32126670","wh4-losangeles","296"
"32126671","wh4-losangeles","61"
"32126680","wh4-losangeles","225"
"32126688","wh4-losangeles","158"
"32126694","wh4-losangeles","265"
"32126695","wh4-losangeles","27"
"32126696","wh4-losangeles","39"
"32276105","wh4-losangeles","59"
"32294896","wh4-losangeles","259"
"32294900","wh4-losangeles","280"
"32294902","wh4-losangeles","274"
"32294908","wh4-losangeles","89"
"32294913","wh4-losangeles","148"
"32294918","wh4-losangeles","9"
"32353794","wh4-losangeles","72"
"32353795","wh4-losangeles","161"
"32353796","wh4-losangeles","0"
"32774980","wh4-losangeles","233"
"32787223","wh4-losangeles","90"
"32871548","wh4-losangeles","155"
"32878756","wh4-losangeles","238"
"32928933","wh4-losangeles","210"
"32928940","wh4-losangeles","177"
"32928941","wh4-losangeles","197"
"32928942","wh4-losangeles","59"
"32928946","wh4-losangeles","108"
"32928950","wh4-losangeles","237"
"32928951","wh4-losangeles","297"
"32928956","wh4-losangeles","280"
"32928957","wh4-losangeles","130"
"32928965","wh4-losangeles","98"
"32928969","wh4-losangeles","12"
"32928970","wh4-losangeles","27"
"32928972","wh4-losangeles","86"
"32928973","wh4-losangeles","255"
"32928975","wh4-losangeles","164"
"32928979","wh4-losangeles","246"
"32928986","wh4-losangeles","182"
"32928991","wh4-losangeles","24"
"32928992","wh4-losangeles","289"
"32929001","wh4-losangeles","281"
"33066943","wh4-losangeles","239"
"33066949","wh4-losangeles","155"
"33066952","wh4-losangeles","1"
"33124544","wh4-losangeles","234"
"33124545","wh4-losangeles","110"
"33124546","wh4-losangeles","53"
"33124547","wh4-losangeles","257"
"33241333","wh4-losangeles","202"
"33241334","wh4-losangeles","269"
"33241335","wh4-losangeles","194"
"33241340","wh4-losangeles","139"
"33241344","wh4-losangeles","80"
"33241360","wh4-losangeles","233"
"33241363","wh4-losangeles","285"
"33241383","wh4-losangeles","69"
"33265101","wh4-losangeles","0"
"33665023","wh4-losangeles","83"
"33665030","wh4-losangeles","121"
"34603311","wh4-losangeles","229"
"35524381","wh4-losangeles","24"
"36183711","wh4-losangeles","53"
"36346337","wh4-losangeles","85"
"36346338","wh4-losangeles","135"
"36346339","wh4-losangeles","228"
"36346340","wh4-losangeles","72"
"36346341","wh4-losangeles","133"
"36346342","wh4-losangeles","233"
"36346343","wh4-losangeles","219"
"36346345","wh4-losangeles","96"
"36346352","wh4-losangeles","155"
"36346353","wh4-losangeles","37"
"36382428","wh4-losangeles","275"
"36382432","wh4-losangeles","197"
"36564140","wh4-losangeles","126"
"36773443","wh4-losangeles","286"
"36773445","wh4-losangeles","295"
"37071310","wh4-losangeles","100"
"37071311","wh4-losangeles","20"
"37280442","wh4-losangeles","97"
"37280443","wh4-losangeles","158"
"37280445","wh4-losangeles","40"
"37280446","wh4-losangeles","80"
"37280447","wh4-losangeles","241"
"37642003","wh4-losangeles","148"
"37642039","wh4-losangeles","157"
"37642050","wh4-losangeles","170"
"37882738","wh4-losangeles","38"
"37882740","wh4-losangeles","211"
"37882756","wh4-losangeles","34"
"37882768","wh4-losangeles","299"
"37883151","wh4-losangeles","26"
"38045105","wh4-losangeles","31"
"38101701","wh4-losangeles","205"
"38101719","wh4-losangeles","46"
"38101893","wh4-losangeles","154"
"38225004","wh4-losangeles","149"
"38225010","wh4-losangeles","66"
"38225011","wh4-losangeles","227"
"38225012","wh4-losangeles","217"
"38225013","wh4-losangeles","295"
"38225014","wh4-losangeles","67"
"38225017","wh4-losangeles","190"
"38225020","wh4-losangeles","221"
"38225023","wh4-losangeles","112"
"38225024","wh4-losangeles","240"
"38225026","wh4-losangeles","93"
"38225031","wh4-losangeles","215"
"38225033","wh4-losangeles","269"
"38225034","wh4-losangeles","5"
"39191870","wh4-losangeles","244"
"40203410","wh4-losangeles","198"
"41153648","wh4-losangeles","294"
"43102435","wh4-losangeles","28"
"43562729","wh4-losangeles","80"
"43562730","wh4-losangeles","95"
"43562732","wh4-losangeles","169"
"43562735","wh4-losangeles","225"
"43562745","wh4-losangeles","62"
"43562746","wh4-losangeles","95"
"49095640","wh4-losangeles","218"
"55502702","wh4-losangeles","296"
"55502703","wh4-losangeles","13"
"55904532","wh4-losangeles","172"
"56194724","wh4-losangeles","269"
"56194725","wh4-losangeles","215"
"56658977","wh4-losangeles","197"
"57858767","wh4-losangeles","60"
"5880582","wh4-losangeles","107"
"5890209","wh4-losangeles","294"
"5890211","wh4-losangeles","251"
"5890212","wh4-losangeles","55"
"5890214","wh4-losangeles","49"
"5890217","wh4-losangeles","157"
"5890238","wh4-losangeles","120"
"5890239","wh4-losangeles","202"
"5890240","wh4-losangeles","24"
"5890242","wh4-losangeles","83"
"5890243","wh4-losangeles","299"
"5890244","wh4-losangeles","134"
"5890245","wh4-losangeles","108"
"5890246","wh4-losangeles","17"
"5890247","wh4-losangeles","125"
"5890249","wh4-losangeles","114"
"5890250","wh4-losangeles","14"
"5890252","wh4-losangeles","213"
"5890253","wh4-losangeles","77"
"5937584","wh4-losangeles","285"
"5966504","wh4-losangeles","134"
"5966505","wh4-losangeles","166"
"60172369","wh4-losangeles","247"
"60172370","wh4-losangeles","27"
"65239564","wh4-losangeles","244"
"6733518","wh4-losangeles","102"
"6733519","wh4-losangeles","239"
"69675103","wh4-losangeles","121"
"74950534","wh4-losangeles","121"
"77198509","wh4-losangeles","229"
"77198516","wh4-losangeles","50"
"78322467","wh4-losangeles","263"
"7892667","wh4-losangeles","137"
"7892847","wh4-losangeles","271"
"7892850","wh4-losangeles","133"
"7892851","wh4-losangeles","94"
"7892852","wh4-losangeles","107"
"79167399","wh4-losangeles","41"
"7931172","wh4-losangeles","237"
"79944678","wh4-losangeles","3"
"79945682","wh4-losangeles","218"
"80017595","wh4-losangeles","97"
"80017655","wh4-losangeles","208"
"80017702","wh4-losangeles","33"
"80018165","wh4-losangeles","144"
"8011925","wh4-losangeles","214"
"80491955","wh4-losangeles","158"
"9010636","wh4-losangeles","138"
"9013599","wh4-losangeles","112"
"9588199","wh4-losangeles","212"
"9611164","wh4-losangeles","168"
